method,target_id,target_x,target_y,target_z,reachable,planned_success,sim_success,final_error_m,planned_error_m,max_tilt_deg,planned_max_tilt_deg,path_length_m,joint_path_length_rad,mean_joint_step_rad,max_joint_step_rad,rms_joint_speed_rad_s,max_joint_speed_rad_s,rms_joint_accel_rad_s2,max_joint_accel_rad_s2,message
proposed,0,1.163854102370001,-0.11131059602498809,1.5585979199113824,True,True,True,0.00598543066148596,9.96633050360369e-07,0.9252064599582238,0.0004964912146840677,0.2594349814177059,0.3294368509271317,0.0074872011574348115,0.011206281054392772,0.2732236410405215,0.3735427018130924,0.6444343833177301,1.1616857422490838,ok
proposed,1,0.8931923924415376,-0.6554673166127,1.6756223516367559,True,True,True,0.005023972316658442,8.812031768855119e-07,1.3549633191067878,0.0046182753685170275,0.867882660128868,0.7668664004447242,0.017428781828289188,0.02528516140850266,0.6316568519330027,0.8428387136167554,1.6809085649976143,2.8508125397698207,ok
proposed,2,1.0454165609056933,0.5001806527056398,0.8281136326755458,True,True,True,0.0034047119109593318,1.1511179999053097e-06,1.4257787376644386,0.0229260974863537,0.9835307805036829,1.4034345303002862,0.03189623932500651,0.04528206808093573,1.1485543139892607,1.5094022693645244,3.0260672767756893,5.7615829785340775,ok
proposed,3,0.8918808657802574,-0.18223759809041115,1.6267649888486018,True,True,True,0.0038603266797563283,1.3644402579081638e-06,1.3228790632622156,0.004420146216479703,0.5598263038650678,0.6962350029138075,0.015823522793495623,0.023477356864085336,0.576194151188039,0.7825785621361779,1.4053461293462837,2.5552685452553705,ok
proposed,4,0.9329091444513473,0.5139082615586104,1.143414198827331,True,True,True,0.004786894751209915,1.4308632043836916e-06,0.7685340370037684,0.011028927493327689,0.8203573834634297,1.0969472603482848,0.02493061955337011,0.03735736636817997,0.9093316849930625,1.245245545605999,2.251197313765755,4.624385916415276,ok
proposed,5,0.7291395053574977,0.06223838342847525,0.7638172561041753,True,True,True,0.003115165827571935,3.6941668501911003e-06,0.6338148027739026,0.018751321791959527,1.020846931652301,1.754533618852199,0.039875764064822704,0.05870630636245942,1.4491913995595207,1.9568768787486475,3.4717495060509966,7.575766399232021,ok
proposed,6,1.186626735201665,0.24721523222599218,1.4580877400853738,True,True,True,0.0064510474289832765,1.011873709002471e-06,0.7945069416363195,0.0030098263883746334,0.34425222140085926,0.4195034206785389,0.009534168651784976,0.014311902386780834,0.3481466372537831,0.4770634128926945,0.8245725501866316,1.5521475789910235,ok
proposed,7,0.6188028765700346,0.5585755057582851,1.5931211213221976,True,True,True,0.0033986919391138224,1.4956484981158183e-06,1.6147200873301086,0.005132745575478293,0.9918101051414097,1.1480552300587408,0.026092164319516834,0.037808419974481186,0.9453090714828477,1.2602806658160397,2.5137563533231266,4.446291020550127,ok
proposed,8,1.0421473106672003,-0.5377454938395776,1.1667210037270341,True,True,True,0.005599044321402616,1.1846752240143847e-06,0.6723251729675689,0.011078928560638229,0.7716226818738516,0.9512804914276524,0.02162001116881028,0.0323583140972108,0.7882143226337868,1.078610469907027,1.9660289590405642,3.9690208836266807,ok
proposed,9,0.5020043806895556,-0.3004445512826424,1.3830489532424546,True,True,True,0.0038034540367930412,2.678053934686371e-06,1.5687512120708573,0.007332802704070945,0.9931311884292204,1.545528291865901,0.0351256429969523,0.04999967723425855,1.2678767027970559,1.6666559078086183,3.2926061076702675,5.80061934860933,ok
proposed,10,0.8543511494606293,0.7635208174585386,1.0258253581381518,True,True,True,0.004252917007158679,1.1256289955321475e-06,0.9985303633762707,0.01551460391624015,1.109415231204304,1.3261869521843521,0.030140612549644365,0.0441199749063991,1.0909920337258894,1.4706658302133035,2.9481826341077815,5.796825570220266,ok
proposed,11,0.845413419629878,-0.040181379387507245,0.8894713590842857,True,True,True,0.0035010868499729957,2.3578663600679408e-06,0.6225241452891669,0.016612663144569342,0.849515755521798,1.49130525899924,0.033893301340891815,0.05021874933145123,1.2336472114394879,1.6739583110483742,2.947292595189233,6.290373337662047,ok
proposed,12,0.6534675917073415,-0.02477849298380981,0.9269093490508841,True,True,True,0.00714196868456198,0.005193148124726737,4.034550308692863,2.69447758552194,1.0065166984542504,1.8905830701706647,0.04296779704933329,0.0568224559602895,1.5139103228527346,1.8940818653429834,8.364156657197945,40.406317407743565,ok
proposed,13,1.0806365399599578,-0.106289641105831,1.5326781960578373,True,True,True,0.005250613559423235,1.1863907382459484e-06,1.00007225436909,0.000986881828917203,0.3358691717967315,0.48413506439451365,0.011003069645329856,0.016429395689179747,0.40127074958256764,0.5476465229726583,0.9507908085925548,1.7415007064856658,ok
proposed,14,1.0629903130699898,-0.32034740587987487,1.5322598013952011,True,True,True,0.005332903706371938,1.1223001928151975e-06,1.0182600480453314,0.0010211154225008654,0.4757538160588547,0.5290152254044894,0.012023073304647486,0.017976723022453317,0.43862935154313215,0.5992241007484439,1.0548288479786803,1.9848573788465302,ok
proposed,15,1.1754667485376038,-0.20847970448428202,0.9883281039302441,True,True,True,0.00502044197798381,1.172051274788236e-06,0.9507979208645259,0.016588225428878736,0.6570471737761607,1.0409168718867945,0.023657201633790783,0.03477216914017616,0.8590271381622678,1.1590723046725389,2.1050494976536904,4.137925499676867,ok
proposed,16,0.9274304445739306,-0.58402130634152,0.8999082024751083,True,True,True,0.003302028424725205,1.2196172317579012e-06,1.2177229268752487,0.01969166287179087,1.0238929780330026,1.4069644465323483,0.03197646469391701,0.046218467771908196,1.1543513883736471,1.5406155923969398,3.032400209215764,5.976758075330314,ok
proposed,17,0.5011277465754257,0.24059191366978283,1.364850856592032,True,True,True,0.004312299320245727,0.0025208704501818403,1.5509121101824659,0.8059258220243554,0.9746285116722635,1.5921947899404671,0.036186245225919705,0.05091335400682745,1.2963557019356353,1.6971118002275816,4.24104789022612,15.349560787625817,ok
proposed,18,1.0089897747766317,0.4724726688008941,1.15891577553834,True,True,True,0.005202792210619591,1.3270296833182224e-06,0.6933163628098883,0.011009288696786761,0.7416010427470958,0.9942802889727608,0.022597279294835473,0.03387677388421653,0.8243686826399245,1.1292257961405512,2.0248887785267065,4.128547276623383,ok
proposed,19,0.850460656816557,-0.535469433627178,0.8145300735359734,True,True,True,0.0020959397052610373,1.324511168557531e-06,1.5202684217267048,0.023674674599339963,1.0956403084920006,1.6067856803827514,0.03651785637233526,0.051922263196169195,1.3117447920007024,1.730742106538973,3.5008679540475556,6.794576656515299,ok
proposed,20,1.0836198813129583,-0.048893471652980795,1.2652361064811888,True,True,True,0.005098193668687169,1.6343988178705784e-06,0.72435197170747,0.00820941662838986,0.41396977061714796,0.786484650271854,0.017874651142542136,0.026697480511178474,0.6518902945387997,0.8899160170392824,1.5400147611986297,3.0051012263279966,ok
proposed,21,1.1364321171372742,0.24241270356069058,1.253579400657996,True,True,True,0.005813624971984853,1.2461821469494139e-06,0.6452421639618668,0.008747258517064281,0.4645145110538451,0.7338700571864392,0.016678864936055436,0.025010380229113796,0.6087977127848072,0.8336793409704599,1.4473350485774135,2.848995497113166,ok
proposed,22,0.9510829899733705,-0.30029908884610973,0.7308178345679394,True,True,True,0.0014530618075939935,1.4380285375177708e-06,1.8550448353069535,0.028570589057651977,1.0180174045303807,1.6526978524495268,0.037561314828398334,0.05212451680921906,1.3436783843001243,1.7374838936406354,3.5731035395976454,6.681185528172528,ok
proposed,23,0.8116884829766453,-0.38734382541177387,1.108528643724636,True,True,True,0.003892145596517576,2.0501192378553363e-06,0.8910689554802299,0.010998258841477652,0.8360225471304106,1.2932793464011934,0.02939271241820894,0.04363410677561962,1.070433322724214,1.4544702258539872,2.5970018051019723,5.378007743041845,ok
proposed,24,1.1280573998724275,-0.4970826516442884,0.758302741689066,True,True,True,0.004060000810535683,1.098659954254623e-06,1.5825059447130874,0.025704779229109107,1.0186537488002292,1.4406649413815185,0.03274238503139815,0.04580554810507299,1.1777484241641076,1.5268516035024333,3.157398999234846,5.778758121112572,ok
proposed,25,0.7352715443470045,-0.24528920411256164,1.361916514726895,True,True,True,0.0046200923274455526,2.1752030777998638e-06,1.251233099354662,0.004856831774371051,0.7466856852527078,1.185068884091677,0.026933383729356296,0.0390784207757544,0.9759355345132528,1.30261402585848,2.4038339374037188,4.526502930549331,ok
proposed,26,0.8995684393683699,0.4266698969314954,1.3643135403273874,True,True,True,0.004559260072902854,1.5218781393925714e-06,1.0412462342270425,0.005129997123681594,0.6955172401179989,0.9187871764571861,0.02088152673766332,0.031150212707189824,0.7613585855712525,1.0383404235729943,1.8554708017806179,3.672322942331211,ok
proposed,27,0.7721906498475132,0.4117501891827721,0.8669729199077039,True,True,True,0.002722298000463995,1.8605737923489285e-06,0.909622106367093,0.01688666523233716,1.0299514642923426,1.5882753849858946,0.036097167840588515,0.053154015344653235,1.3093828385111963,1.7718005114884414,3.276177962861326,6.861274165704122,ok
proposed,28,0.45588747854774436,-0.33909197535689545,1.4223593505964502,True,True,True,0.0036018754274848882,2.5421607350238253e-06,1.6672375351627575,0.008044931713427454,1.0463023270027527,1.5785940700560068,0.03587713795581834,0.051032931002914145,1.294339099100436,1.7010977000971383,3.425470061880541,5.916593243923354,ok
proposed,29,0.7940879383886682,-0.46358157562036406,1.2010447751033635,True,True,True,0.00398539739477722,1.8743397798855873e-06,1.006716639972051,0.008734120433500019,0.8504725308437702,1.217328166916622,0.027666549248105046,0.0411282613466635,1.0079666735720154,1.3709420448887832,2.473321067598093,5.045711724705003,ok
proposed,30,0.6405870994530902,0.2025590369421352,1.1461562755740307,True,True,True,0.0051331174589964975,3.5160371988952794e-06,1.2433083730165027,0.009266582240493272,0.8982256212186158,1.5960383814739734,0.03627359957895394,0.05060316028673305,1.3032379149778537,1.6867720095577685,3.2955566301812027,6.074972391764844,ok
proposed,31,0.8141644340073257,-0.2604771490812935,1.3302825931188884,True,True,True,0.0046030169872922485,1.9900515755418648e-06,1.120097324254245,0.005728017661760521,0.6848794729459724,1.0917343974814682,0.024812145397306095,0.036340879898154425,0.9008589810517045,1.2113626632718144,2.188606143882669,4.224918177000911,ok
proposed,32,0.6716784060753331,-0.5035122340108307,0.8180059021205153,True,True,True,0.002108338606272692,1.7561403721722646e-06,1.3687492314993972,0.019163351546842837,1.1770855419454909,1.7627259955228296,0.04006195444370067,0.058198521976997236,1.4451088293972243,1.9399507325665748,3.7812014951201833,7.675241427561604,ok
proposed,33,1.0604362324287449,0.7852407889800558,1.3997071338107494,True,True,True,0.007895638848993147,7.375918911609692e-07,0.8616203161784712,0.004651544370813005,0.9042636285893008,0.7573078528232795,0.01721154210961999,0.025125042029385973,0.6238944745444529,0.8375014009795325,1.6859516825766234,3.081902770845051,ok
proposed,34,0.5673663907300336,0.5097063076463774,1.4787509039657944,True,True,True,0.004536513043113494,1.8608734679174583e-06,1.5696903139538767,0.0039859273750378664,1.0078220273706802,1.3101596287815185,0.029776355199579965,0.04312277920243152,1.07865504209658,1.4374259734143844,2.8253350314547285,5.121317645700488,ok
proposed,35,1.1200084042786584,-0.08866074963047785,0.972241561845159,True,True,True,0.004398555041070551,1.303314785357989e-06,0.8822864800787263,0.016767887529476014,0.6571571366438662,1.114413178351859,0.025327572235269522,0.03729579334245208,0.9200042879999306,1.2431931114150694,2.2357852589136367,4.463945892995175,ok
proposed,36,0.5074402638530563,0.3684763283715002,1.155776289833611,True,True,True,0.013141913375132833,0.012372114550782626,1.5838001045472194,1.3509484108080467,1.0901951652072126,1.7798351667700134,0.04045079924477303,0.0564030498484629,1.4510109828425857,1.8801016616154302,5.319861607608676,25.246840979229912,ok
proposed,37,0.6795230281788104,-0.2122187816798992,1.279219568941896,True,True,True,0.004743429175990801,2.6541251371761593e-06,1.2379860948993548,0.006535157327924375,0.812915186804117,1.371413293621823,0.031168483945950523,0.04449942501852649,1.1255207877468516,1.4833141672842165,2.8021921609757126,5.217414189558841,ok
proposed,38,0.5871558435825569,0.365112556724295,1.45851952983521,True,True,True,0.004459303739962691,2.119441907944691e-06,1.5305334358977245,0.005229614623380621,0.9230813610546138,1.3135221335013372,0.029852775761394026,0.04308570993642349,1.0805278459511642,1.4361903312141162,2.7696542205013235,5.01614201935359,ok
proposed,39,1.1192605843020214,-0.11901424475895461,1.3273088407024431,True,True,True,0.005465148853208134,1.2992891880769205e-06,0.7452763844033682,0.006633405652959338,0.36735419923045465,0.663869971508773,0.01508795389792666,0.022565424708336175,0.5504767841823373,0.7521808236112059,1.2992115419273103,2.4965466663219202,ok
proposed,40,0.9896105977084164,0.23563988926051435,0.784444321139889,True,True,True,0.0020627342711776737,1.3657671402276487e-06,1.539231847760622,0.024281065346827578,0.9282062135066019,1.5181376569325118,0.03450312856664799,0.048935461459472376,1.2402673438413827,1.6311820486490791,3.1917479709744847,6.178548366304214,ok
proposed,41,0.6664325804155872,-0.5787326143554344,1.1939908192445188,True,True,True,0.00402648395694486,1.941362088883758e-06,1.1555429826513601,0.008436289867520685,1.0200591264239767,1.382342068789913,0.03141686519977075,0.04652526085577665,1.143650822825852,1.5508420285258886,2.899286393939526,5.840139903648033,ok
proposed,42,0.6919208315277459,-0.42855666856072044,0.8034029677225516,True,True,True,0.0021894289464093326,1.9465276050438966e-06,1.2071333849474526,0.017720815982878037,1.1366921160767594,1.7522338845864716,0.039823497376965264,0.05813637672787771,1.4396554210516874,1.9378792242625902,3.6775473865645436,7.621853623913259,ok
proposed,43,0.8883639342345084,-0.501443392141252,1.6251201183767972,True,True,True,0.0042370118536202836,1.1340078569979092e-06,1.31749689617821,0.0034161014630984788,0.743746115195973,0.7389210914719684,0.016793661169817464,0.02474026019451726,0.6105817334932436,0.8246753398172422,1.5525509712524828,2.8140335016787574,ok
proposed,44,0.9860301029416242,-0.24013110959229692,1.2909154914814167,True,True,True,0.004735910943847198,1.5765595610597207e-06,0.8679219653892788,0.0072008008853451785,0.5415386835732185,0.8841375201958294,0.020094034549905212,0.02995112923368302,0.7324359841026167,0.9983709744561008,1.7455260945047593,3.4500786312227487,ok
proposed,45,0.428945218682672,0.37270124289721596,1.1823034369429002,False,False,False,nan,0.08727405712024212,nan,2.526021551372701,nan,1.7570156213655355,0.04748690868555501,0.06025247800095078,1.6617394119928335,2.008415933365026,8.876314515809257,39.92593759143359,"waypoint failed: err=0.0219 m, tilt=2.53 deg"
proposed,46,0.9356739823669012,-0.7126940702210119,1.1866583308381604,True,True,True,0.00548564008456424,1.1187979619670466e-06,0.8046019068886076,0.01038831803643233,0.9546920013943128,1.055194718628794,0.02398169815065441,0.03574722628290512,0.8727983468401098,1.1915742094301707,2.281872406075065,4.54662253842081,ok
proposed,47,0.7311264468495655,0.5948815180407897,1.2717280523760754,True,True,True,0.0038720194446362497,1.6794663340408747e-06,1.148164438550381,0.006916435330705109,0.958552749039216,1.221360403624059,0.027758190991455888,0.041306838080505164,1.0113784444310265,1.3768946026835056,2.565122319474357,5.132962305325441,ok
proposed,48,0.8680966168569126,-0.3302452921635624,1.0315689973425521,True,True,True,0.003890337129801894,1.928809016910945e-06,0.7414948267545698,0.013259704390486045,0.8137521191716311,1.3028972571317123,0.02961130129844801,0.04411088344918299,1.079091607406267,1.4703627816394333,2.604311026876939,5.458056572658637,ok
proposed,49,0.9621523233461767,-0.09196989344136862,0.7216120798803304,True,True,True,0.0012034797170084061,1.4982797560474762e-06,1.8970882864049354,0.028778972533371024,0.976138092114873,1.6562912410194865,0.03764298275044287,0.05228525650103548,1.3463300497420432,1.7428418833678492,3.540701993376334,6.645245807963112,ok
proposed,50,0.9870318608436438,0.7016910567503407,0.8402490889986107,True,True,True,0.00396023414670542,1.0373555074830899e-06,1.409751955829442,0.023007943334700447,1.1224270605540017,1.4481558815382038,0.032912633671322813,0.04643319484412544,1.1841775063175404,1.5477731614708483,3.24642374744334,6.084042578297999,ok
proposed,51,0.8137441319260182,-0.5694946575805719,1.3722400930398115,True,True,True,0.0041098395409267284,1.4752880054919261e-06,1.153317381793846,0.004795349786810319,0.8574561941458162,1.023194176397454,0.023254413099942136,0.03467597782581202,0.8476905506202576,1.1558659275270675,2.1345948494841798,4.2123404227715975,ok
proposed,52,0.751143309534846,0.19075801600379966,1.4269946142868826,True,True,True,0.004471536598045474,2.0301289662421334e-06,1.2965239408970948,0.003487739540438442,0.702117475795303,1.0968141390736135,0.024927594069854852,0.03629970449772585,0.9039985906434863,1.209990149924195,2.224677410506122,4.13290313943228,ok
proposed,53,0.9535369055808226,-0.6691795733246215,1.6160118451376078,True,True,True,0.005759547168942398,8.536132101743547e-07,1.221272803773082,0.0025276321712081246,0.836613932121246,0.7140143247341513,0.016227598289412528,0.02365892704577128,0.5886235542667282,0.7886309015257094,1.5561930265766832,2.7159848773550133,ok
proposed,54,0.5511611809433244,-0.4850038070315057,1.2548524693914833,True,True,True,0.004537267376140046,2.479363897787405e-06,1.3695606778085325,0.006783059093408477,1.046418839800718,1.5360485611957757,0.03491019457263127,0.05043000667327916,1.2647099131980115,1.6810002224426386,3.2275543430851927,6.15272185459981,ok
proposed,55,0.7371298674633446,0.4166587408401313,1.5082514720643019,True,True,True,0.004114184170442179,1.65630311574248e-06,1.388596931537059,0.0028317536690958558,0.8059710978596991,1.0285395728926896,0.023375899383924762,0.03429440997370559,0.8491224642471308,1.1431469991235197,2.1337246319990055,3.98149880358408,ok
proposed,56,0.6113217027928451,0.5217636733968448,0.9909178381401186,True,True,True,0.004163564969925525,2.537728122590042e-06,1.012757717378217,0.012645933504363818,1.115457774679378,1.6526292889600251,0.0375597565672733,0.05527145294821343,1.3654260039515953,1.842381764940448,3.432372707521314,7.108612684251673,ok
proposed,57,0.8931697947817648,-0.3574627995914466,1.6360435700489633,True,True,True,0.003924994193689846,1.2421399730813035e-06,1.3272349607462994,0.004127056499273521,0.6452014208942559,0.704076190553757,0.01600173160349448,0.02365939928030822,0.5821944061314369,0.7886466426769407,1.4455147108742308,2.626859468007827,ok
proposed,58,0.5169917779011349,-0.4443148102017681,1.135097060003038,True,True,True,0.0038121849632269823,3.2284529588251015e-06,1.2922818779390557,0.009105546940975366,1.0987145558739917,1.7284276753860495,0.03928244716786476,0.05590749846047381,1.419132100764985,1.8635832820157938,3.608063300054966,6.888028954070355,ok
proposed,59,1.1007421650247877,0.7709961796222922,1.448608019456949,True,True,True,0.00840006871587615,6.56689708188481e-07,0.8640695996239627,0.0031881152922135533,0.8688710042184815,0.6901643673810636,0.01568555380411508,0.022688898689198215,0.5677453170947215,0.7562966229732739,1.5340670729673591,2.706278704901775,ok
proposed,60,1.032176263092668,0.7272253855832593,1.2188583603864491,True,True,True,0.006610760474656174,9.497462264564338e-07,0.7919004435031459,0.009871436652888713,0.912341473075448,0.9256331053930492,0.02103711603166021,0.031216832924616533,0.765009313638768,1.040561097487218,2.0127948096841903,3.9320013548492687,ok
proposed,61,0.7315486784426483,0.3305045276330769,1.3616612631677611,True,True,True,0.004696882892881145,2.069103543856859e-06,1.2511911509442661,0.0048648099544241425,0.7841638621358846,1.1796339036709622,0.02680986144706732,0.039082778005071386,0.972571043596485,1.3027592668357129,2.399178144831347,4.579773195426769,ok
proposed,62,0.6846369655699729,-0.5019441101618012,1.446789611349026,True,True,True,0.004156643353283403,1.7315015629203238e-06,1.393222257923418,0.0030671366401381146,0.9034170640947674,1.1527441373781049,0.026198730394956928,0.03842483673201319,0.9516462053711932,1.2808278910671065,2.4212701328517743,4.574570256991298,ok
proposed,63,0.5902474679974774,0.4787065018176851,0.9409705750056847,True,True,True,0.004499302711635827,3.069879078101992e-06,0.9893330338062822,0.01358952468017799,1.135100694078313,1.7415511330694295,0.03958070756975976,0.05784726199079641,1.4371937078747772,1.92824206635988,3.5841017223768397,7.458921647000109,ok
proposed,64,0.5636382844001641,0.3201302098542266,0.853284316624494,True,True,True,0.006759198393419098,0.004296435013508473,3.7548859054517427,2.7197277760348393,1.2107275117401286,2.1206212760915424,0.0481959380929896,0.06318835175528209,1.679364381741153,2.1062783918427366,10.785595251469559,50.199177944858064,ok
proposed,65,0.6850976885058164,0.10707487670331549,1.5745620408374643,True,True,True,0.0036301579391612433,1.8541977269564236e-06,1.5278143917757245,0.00711549447890388,0.7479922962784893,1.0525332696820398,0.02392121067459181,0.03508825632025661,0.8690041717122783,1.169608544008554,2.173637653619466,3.9221232443768965,ok
proposed,66,0.6764161715655868,-0.20620154831085252,1.4774048382411775,True,True,True,0.004181258130832367,2.066594285645158e-06,1.44243494458287,0.005336843934485713,0.7779017395995176,1.1622487399782573,0.02641474409041494,0.03837386798428199,0.957532274945744,1.2791289328093995,2.3937752756775312,4.364722955697562,ok
proposed,67,1.3274602534974094,0.0015348772335184904,0.8438975025512507,True,True,True,0.005839427268312163,9.768610759762788e-07,1.3839411269079815,0.021201192312288685,0.7518094283218836,1.125302494367166,0.02557505669016286,0.036786594000839265,0.9250687118321925,1.2262198000279756,2.344680776906001,4.313630227781965,ok
proposed,68,0.5119808434054156,-0.22970383114513246,0.831822217786521,True,True,False,0.009554787257815209,7.9352391807409e-06,14.359292311634896,4.246650142244232,1.8252680114811628,4.155901461060356,0.09445230593318991,1.2481928479409925,7.158616161364462,41.60642826469975,253.96844781235973,1369.2057449773451,ok
proposed,69,0.9075283701982384,-0.6075635834504859,1.2063299316206328,True,True,True,0.0049823625164995625,1.3292260224281744e-06,0.8651743959572359,0.009340754668714398,0.8761510339073313,1.0592986856416404,0.0240749701282191,0.036100524780090404,0.8781538000881726,1.2033508260030135,2.2185425670156054,4.507174711901143,ok
proposed,70,1.096571367549432,0.13950767056035387,0.8997756516600576,True,True,True,0.0036926800007713264,1.2898318332530298e-06,1.0995933335286607,0.01916956384294181,0.7479449002353042,1.2397709131810632,0.028176611663205984,0.041009342602275844,1.020272345255721,1.366978086742528,2.522963593595306,4.996072162117225,ok
proposed,71,1.1265577615437583,0.39348646133625886,1.4389840039155417,True,True,True,0.006194083240022887,1.0469895052753372e-06,0.8426551343376067,0.0035372917871165067,0.5050372329042985,0.5409974323712519,0.012295396190255724,0.018483648848415576,0.449054401485818,0.6161216282805192,1.0838454361267196,2.09489121918944,ok
proposed,72,0.5452491757382304,-0.36266635306146267,1.6275625510065077,True,True,True,0.003704712415215101,1.7770243880748549e-06,1.7544287698702004,0.008993339594037223,0.9643641665740667,1.2408607127122508,0.028201379834369336,0.04051921591289882,1.0191873963302986,1.350640530429961,2.707113334292921,4.639526533731625,ok
proposed,73,0.8265472881659044,-0.26523985357182406,1.1885840453515333,True,True,True,0.004529209196152523,2.1691741999307156e-06,0.9587836652554882,0.009090129865524009,0.7280780562774748,1.2148434128856562,0.027610077565583094,0.04055177182171012,1.0027977358635145,1.3517257273903374,2.4208010798996713,4.84649706048784,ok
proposed,74,0.8187077284611806,0.704802880179986,0.986446226882055,True,True,True,0.003547017648812932,1.2475635744201615e-06,1.0336106065402604,0.01628652045053418,1.1049101238946504,1.406066488246153,0.03195605655104893,0.046790942271764224,1.1564038438521203,1.5596980757254744,3.0872207204785895,6.137380809159244,ok
proposed,75,0.9514501912065634,-0.8708887157614273,1.2551980423268247,True,True,True,0.006818326491227068,8.358091641589344e-07,0.8841437153243358,0.008906633060115996,1.0624927434106504,1.0028944438386984,0.0227930555417886,0.033384046787945654,0.8259746593050968,1.1128015595981886,2.285322898365569,4.310707209381204,ok
proposed,76,0.863598567531641,-0.6097763979234693,0.8403395970639126,True,True,True,0.002556071830063913,1.2414394005057183e-06,1.4379989258717074,0.0228232760134387,1.1129674766830393,1.5589464083182711,0.035430600189051614,0.05044054692876414,1.2737550089719423,1.6813515642921382,3.430406719761338,6.62568785990082,ok
proposed,77,0.6612753130676176,0.588605064050159,1.296042553234373,True,True,True,0.0041818084737196455,1.818254304101456e-06,1.2615507222697953,0.006155639015189635,1.0006165179238933,1.3003346443126929,0.029553060098015747,0.04364843627013952,1.075295384434314,1.4549478756713174,2.748266119790953,5.403778592090504,ok
proposed,78,1.1530123674797979,0.5926749597846778,1.1673816015552916,True,True,True,0.006923683794718588,9.388015452861499e-07,0.7889351729543667,0.011436078717026494,0.7771352638453329,0.8472064905938071,0.01925469296804107,0.028580635372389793,0.7006046144160838,0.9526878457463264,1.7840744998288602,3.4895518740140945,ok
proposed,79,0.8600431132876079,-0.8047136312062111,0.8091439967657349,True,True,True,0.003528845150959414,1.0545499993014006e-06,1.4910055788112573,0.025652704517308483,1.2642750989999219,1.6254154413805817,0.036941260031376856,0.05136351812212099,1.3248454059151995,1.7121172707373666,3.776229075260515,6.92443443204347,ok
proposed,80,1.0857582125609235,0.5420474650365459,0.9326407419664337,True,True,True,0.004630581702895481,1.0729003363492028e-06,1.1660577825598661,0.018729934516809748,0.9125599139683892,1.2119806732479617,0.027545015301090037,0.03990899566572843,0.9963531239252482,1.330299855524281,2.582009924068409,5.017791592392796,ok
proposed,81,0.9613171368761786,0.16045270764419448,1.5677389537760111,True,True,True,0.004493083368592314,1.3458297407043545e-06,1.1776810369412545,0.0022439833624307106,0.475435463874242,0.6370304448194023,0.014477964654986415,0.021527772988367888,0.5274756067485967,0.7175924329455963,1.268071486400713,2.332786973430108,ok
proposed,82,1.022897565302621,-0.14038285160693825,1.0741840434071825,True,True,True,0.004565325079600527,1.5910714953548972e-06,0.5986010338663338,0.013099635244700404,0.614647386345046,1.083618390281035,0.02462769068820534,0.036725654021931474,0.8978121877869429,1.2241884673977157,2.1394891399119906,4.375289232345073,ok
proposed,83,0.8658049225830193,0.2091373352507082,1.567490631752325,True,True,True,0.004104756217252563,1.4994660392688906e-06,1.293588544127335,0.0033564741399385997,0.5881469052957511,0.7837474940712071,0.017812443047072888,0.02635295359213085,0.6482087721202205,0.8784317864043616,1.580337244356138,2.9119526566533507,ok
proposed,84,0.8433758434817964,-0.3500010939640157,0.9366623629975811,True,True,True,0.0034562579986703867,1.8800459923112806e-06,0.6713526200325638,0.015595762775068224,0.9051764439899682,1.431622439828927,0.032536873632475614,0.04830474787593672,1.1840287604835815,1.610158262531224,2.8922114259189393,6.1003734118755775,ok
proposed,85,1.0097854729555493,0.543608076900578,0.8052780798541249,True,True,True,0.003108462986626205,1.1637144553629085e-06,1.5029203260912114,0.024245500670479803,1.0398308204159308,1.4742750719586024,0.033506251635422785,0.0472112531605932,1.2045846720560034,1.5737084386864402,3.2210339031550075,6.0768232173781005,ok
proposed,86,0.5967130342180006,0.08854716842440054,0.8461732441926982,True,True,False,0.0323523375330172,1.3842618755725556e-05,13.142219547821721,5.254328766093485,1.6684808220537701,3.895198733865107,0.0885272439514797,1.3598043579893517,7.283020326555844,45.326811932978394,286.2176850121306,1454.6229281852459,ok
proposed,87,1.1571643280643242,-0.35273313248186655,0.8438719329711426,True,True,True,0.0042262202469905835,1.1103054243599492e-06,1.3647943341585413,0.02184212735010858,0.8609032820275502,1.2747633235897629,0.028971893717949157,0.04140342910442129,1.0455359462436502,1.3801143034807097,2.6880349585164645,5.098656645710192,ok
proposed,88,1.1155554521020263,-0.6413497331709159,0.9847200823379355,True,True,True,0.005847530976837736,9.466637744220588e-07,1.107946229562755,0.017103960462636254,0.9383724378557721,1.1213524088951292,0.025485282020343846,0.03700666068089222,0.9226197662627079,1.2335553560297405,2.427234465359377,4.667195942287231,ok
proposed,89,0.5554231657808059,-0.3798513167014105,0.72114801633644,True,True,True,0.0031672008124181933,5.004956024303609e-06,0.8067070577819563,0.018243433851830887,1.2541773450755898,1.998994646751989,0.04543169651709066,0.06608622348982833,1.6469635662512139,2.202874116327611,4.092278319439288,8.758364138816878,ok
proposed,90,0.5193928877872097,-0.2888648906474382,0.7533819326271753,True,True,False,0.01676670930155554,1.1765175761756034e-05,10.388917403461882,3.878773974861912,1.7337890073005306,3.6988793892024474,0.08406544066369198,0.911237121392351,5.42583250279371,30.374570713078366,169.605284965146,882.362069607573,ok
proposed,91,0.982535020299753,0.2845700956021445,1.0936304568320283,True,True,True,0.004528858517781498,1.6052913737673696e-06,0.6641544820561149,0.012402211265126441,0.6798665528608306,1.1031735330930494,0.02507212575211476,0.037458694060139346,0.9143071107225669,1.2486231353379784,2.1938506120047974,4.515373023787765,ok
proposed,92,0.8043728254460977,0.005679714408021967,1.5750049422346084,True,True,True,0.003846346346954918,1.6557145182841097e-06,1.379846580800191,0.004957335056124487,0.6127127827394997,0.8687585663518015,0.019744512871631852,0.029144628972060483,0.7182469256407439,0.9714876324020162,1.758771627515662,3.205536469528051,ok
proposed,93,0.9317212055399913,-0.8043776826242361,0.881498409596524,True,True,True,0.0044702119823061374,9.707689387295656e-07,1.3236377875057617,0.02164551107423059,1.1892430818423267,1.447842877893791,0.03290551995213162,0.04657018959381656,1.1841931399996457,1.5523396531272189,3.311582101006483,6.195878931489787,ok
proposed,94,0.6836050846700216,-0.2817629864646399,1.2712326517427726,True,True,True,0.004727151558309684,2.5403974107360373e-06,1.2234202658085158,0.006726502856207353,0.8331340058015833,1.3586960615792167,0.0308794559449822,0.044368619052827754,1.116590387408541,1.4789539684275919,2.7687048061641026,5.250259801334145,ok
proposed,95,0.6735602773369459,-0.5709843324698685,1.0736141384595714,True,True,True,0.0035650339111503817,2.003527317890113e-06,1.0218500112770668,0.01118535629984427,1.0586615973828382,1.4810826248852558,0.033660968747392175,0.04994063297966813,1.225311328925138,1.6646877659889376,3.1004766174935865,6.3814481228545645,ok
proposed,96,0.7878657456570736,-0.5641215635992062,1.5334585537885597,True,True,True,0.0038681662288295323,1.337904324214702e-06,1.347832572380841,0.0017094418324996587,0.857759914841665,0.9358482865386761,0.021269279239515368,0.031391339088365056,0.7735388188963236,1.0463779696121687,1.985448581097186,3.7112792207742658,ok
proposed,97,0.46633490291753693,0.36398657059398093,0.7991131415798755,True,True,False,0.004302232470775986,7.56540809953708e-06,11.288049324154564,4.730807149292644,1.8270898297875815,3.8931141300737013,0.08847986659258412,0.7699109357521465,5.755586504678106,25.663697858404888,161.9057912684271,787.7342666226186,ok
proposed,98,0.9910618311225488,0.719776612314168,1.6795706805865926,True,True,True,0.006884431303993051,6.694427120920744e-07,1.23059232349464,0.004622666247602013,0.8706403765663344,0.712665406613374,0.016196941059394863,0.023319848465124964,0.5859904475991825,0.7773282821708322,1.57880226047105,2.5468107818390724,ok
proposed,99,1.0801499836622164,0.503225511592567,1.3424832759955476,True,True,True,0.00620133373880813,1.0993890859328985e-06,0.7955123558682521,0.006226012182527549,0.6495608563444207,0.7114654384889713,0.01616966905656753,0.024325728622595227,0.5905236310201134,0.8108576207531741,1.4534051422088359,2.8801282403494683,ok
