target_id,target_x,target_y,target_z,reachable,planned_success,sim_success,final_error_m,planned_error_m,max_tilt_deg,planned_max_tilt_deg,path_length_m,message
0,1.163854102370001,-0.11131059602498809,1.5585979199113824,True,True,True,0.00598543066148596,9.96633050360369e-07,0.9252064599582238,0.0004964912146840677,0.2594349814177059,ok
1,0.8931923924415376,-0.6554673166127,1.6756223516367559,True,True,True,0.005023972316658442,8.812031768855119e-07,1.3549633191067878,0.0046182753685170275,0.867882660128868,ok
2,1.0454165609056933,0.5001806527056398,0.8281136326755458,True,True,True,0.0034047119109593318,1.1511179999053097e-06,1.4257787376644386,0.0229260974863537,0.9835307805036829,ok
3,0.8918808657802574,-0.18223759809041115,1.6267649888486018,True,True,True,0.0038603266797563283,1.3644402579081638e-06,1.3228790632622156,0.004420146216479703,0.5598263038650678,ok
4,0.9329091444513473,0.5139082615586104,1.143414198827331,True,True,True,0.004786894751209915,1.4308632043836916e-06,0.7685340370037684,0.011028927493327689,0.8203573834634297,ok
5,0.7291395053574977,0.06223838342847525,0.7638172561041753,True,True,True,0.003115165827571935,3.6941668501911003e-06,0.6338148027739026,0.018751321791959527,1.020846931652301,ok
6,1.186626735201665,0.24721523222599218,1.4580877400853738,True,True,True,0.0064510474289832765,1.011873709002471e-06,0.7945069416363195,0.0030098263883746334,0.34425222140085926,ok
7,0.6188028765700346,0.5585755057582851,1.5931211213221976,True,True,True,0.0033986919391138224,1.4956484981158183e-06,1.6147200873301086,0.005132745575478293,0.9918101051414097,ok
8,1.0421473106672003,-0.5377454938395776,1.1667210037270341,True,True,True,0.005599044321402616,1.1846752240143847e-06,0.6723251729675689,0.011078928560638229,0.7716226818738516,ok
9,0.5020043806895556,-0.3004445512826424,1.3830489532424546,True,True,True,0.0038034540367930412,2.678053934686371e-06,1.5687512120708573,0.007332802704070945,0.9931311884292204,ok
10,0.8543511494606293,0.7635208174585386,1.0258253581381518,True,True,True,0.004252917007158679,1.1256289955321475e-06,0.9985303633762707,0.01551460391624015,1.109415231204304,ok
11,0.845413419629878,-0.040181379387507245,0.8894713590842857,True,True,True,0.0035010868499729957,2.3578663600679408e-06,0.6225241452891669,0.016612663144569342,0.849515755521798,ok
12,0.6534675917073415,-0.02477849298380981,0.9269093490508841,True,True,True,0.00714196868456198,0.005193148124726737,4.034550308692863,2.69447758552194,1.0065166984542504,ok
13,1.0806365399599578,-0.106289641105831,1.5326781960578373,True,True,True,0.005250613559423235,1.1863907382459484e-06,1.00007225436909,0.000986881828917203,0.3358691717967315,ok
14,1.0629903130699898,-0.32034740587987487,1.5322598013952011,True,True,True,0.005332903706371938,1.1223001928151975e-06,1.0182600480453314,0.0010211154225008654,0.4757538160588547,ok
15,1.1754667485376038,-0.20847970448428202,0.9883281039302441,True,True,True,0.00502044197798381,1.172051274788236e-06,0.9507979208645259,0.016588225428878736,0.6570471737761607,ok
16,0.9274304445739306,-0.58402130634152,0.8999082024751083,True,True,True,0.003302028424725205,1.2196172317579012e-06,1.2177229268752487,0.01969166287179087,1.0238929780330026,ok
17,0.5011277465754257,0.24059191366978283,1.364850856592032,True,True,True,0.004312299320245727,0.0025208704501818403,1.5509121101824659,0.8059258220243554,0.9746285116722635,ok
18,1.0089897747766317,0.4724726688008941,1.15891577553834,True,True,True,0.005202792210619591,1.3270296833182224e-06,0.6933163628098883,0.011009288696786761,0.7416010427470958,ok
19,0.850460656816557,-0.535469433627178,0.8145300735359734,True,True,True,0.0020959397052610373,1.324511168557531e-06,1.5202684217267048,0.023674674599339963,1.0956403084920006,ok
20,1.0836198813129583,-0.048893471652980795,1.2652361064811888,True,True,True,0.005098193668687169,1.6343988178705784e-06,0.72435197170747,0.00820941662838986,0.41396977061714796,ok
21,1.1364321171372742,0.24241270356069058,1.253579400657996,True,True,True,0.005813624971984853,1.2461821469494139e-06,0.6452421639618668,0.008747258517064281,0.4645145110538451,ok
22,0.9510829899733705,-0.30029908884610973,0.7308178345679394,True,True,True,0.0014530618075939935,1.4380285375177708e-06,1.8550448353069535,0.028570589057651977,1.0180174045303807,ok
23,0.8116884829766453,-0.38734382541177387,1.108528643724636,True,True,True,0.003892145596517576,2.0501192378553363e-06,0.8910689554802299,0.010998258841477652,0.8360225471304106,ok
24,1.1280573998724275,-0.4970826516442884,0.758302741689066,True,True,True,0.004060000810535683,1.098659954254623e-06,1.5825059447130874,0.025704779229109107,1.0186537488002292,ok
25,0.7352715443470045,-0.24528920411256164,1.361916514726895,True,True,True,0.0046200923274455526,2.1752030777998638e-06,1.251233099354662,0.004856831774371051,0.7466856852527078,ok
26,0.8995684393683699,0.4266698969314954,1.3643135403273874,True,True,True,0.004559260072902854,1.5218781393925714e-06,1.0412462342270425,0.005129997123681594,0.6955172401179989,ok
27,0.7721906498475132,0.4117501891827721,0.8669729199077039,True,True,True,0.002722298000463995,1.8605737923489285e-06,0.909622106367093,0.01688666523233716,1.0299514642923426,ok
28,0.45588747854774436,-0.33909197535689545,1.4223593505964502,True,True,True,0.0036018754274848882,2.5421607350238253e-06,1.6672375351627575,0.008044931713427454,1.0463023270027527,ok
29,0.7940879383886682,-0.46358157562036406,1.2010447751033635,True,True,True,0.00398539739477722,1.8743397798855873e-06,1.006716639972051,0.008734120433500019,0.8504725308437702,ok
30,0.6405870994530902,0.2025590369421352,1.1461562755740307,True,True,True,0.0051331174589964975,3.5160371988952794e-06,1.2433083730165027,0.009266582240493272,0.8982256212186158,ok
31,0.8141644340073257,-0.2604771490812935,1.3302825931188884,True,True,True,0.0046030169872922485,1.9900515755418648e-06,1.120097324254245,0.005728017661760521,0.6848794729459724,ok
32,0.6716784060753331,-0.5035122340108307,0.8180059021205153,True,True,True,0.002108338606272692,1.7561403721722646e-06,1.3687492314993972,0.019163351546842837,1.1770855419454909,ok
33,1.0604362324287449,0.7852407889800558,1.3997071338107494,True,True,True,0.007895638848993147,7.375918911609692e-07,0.8616203161784712,0.004651544370813005,0.9042636285893008,ok
34,0.5673663907300336,0.5097063076463774,1.4787509039657944,True,True,True,0.004536513043113494,1.8608734679174583e-06,1.5696903139538767,0.0039859273750378664,1.0078220273706802,ok
35,1.1200084042786584,-0.08866074963047785,0.972241561845159,True,True,True,0.004398555041070551,1.303314785357989e-06,0.8822864800787263,0.016767887529476014,0.6571571366438662,ok
36,0.5074402638530563,0.3684763283715002,1.155776289833611,True,True,True,0.013141913375132833,0.012372114550782626,1.5838001045472194,1.3509484108080467,1.0901951652072126,ok
37,0.6795230281788104,-0.2122187816798992,1.279219568941896,True,True,True,0.004743429175990801,2.6541251371761593e-06,1.2379860948993548,0.006535157327924375,0.812915186804117,ok
38,0.5871558435825569,0.365112556724295,1.45851952983521,True,True,True,0.004459303739962691,2.119441907944691e-06,1.5305334358977245,0.005229614623380621,0.9230813610546138,ok
39,1.1192605843020214,-0.11901424475895461,1.3273088407024431,True,True,True,0.005465148853208134,1.2992891880769205e-06,0.7452763844033682,0.006633405652959338,0.36735419923045465,ok
40,0.9896105977084164,0.23563988926051435,0.784444321139889,True,True,True,0.0020627342711776737,1.3657671402276487e-06,1.539231847760622,0.024281065346827578,0.9282062135066019,ok
41,0.6664325804155872,-0.5787326143554344,1.1939908192445188,True,True,True,0.00402648395694486,1.941362088883758e-06,1.1555429826513601,0.008436289867520685,1.0200591264239767,ok
42,0.6919208315277459,-0.42855666856072044,0.8034029677225516,True,True,True,0.0021894289464093326,1.9465276050438966e-06,1.2071333849474526,0.017720815982878037,1.1366921160767594,ok
43,0.8883639342345084,-0.501443392141252,1.6251201183767972,True,True,True,0.0042370118536202836,1.1340078569979092e-06,1.31749689617821,0.0034161014630984788,0.743746115195973,ok
44,0.9860301029416242,-0.24013110959229692,1.2909154914814167,True,True,True,0.004735910943847198,1.5765595610597207e-06,0.8679219653892788,0.0072008008853451785,0.5415386835732185,ok
45,0.428945218682672,0.37270124289721596,1.1823034369429002,False,False,False,nan,0.08727405712024212,nan,2.526021551372701,nan,"waypoint failed: err=0.0219 m, tilt=2.53 deg"
46,0.9356739823669012,-0.7126940702210119,1.1866583308381604,True,True,True,0.00548564008456424,1.1187979619670466e-06,0.8046019068886076,0.01038831803643233,0.9546920013943128,ok
47,0.7311264468495655,0.5948815180407897,1.2717280523760754,True,True,True,0.0038720194446362497,1.6794663340408747e-06,1.148164438550381,0.006916435330705109,0.958552749039216,ok
48,0.8680966168569126,-0.3302452921635624,1.0315689973425521,True,True,True,0.003890337129801894,1.928809016910945e-06,0.7414948267545698,0.013259704390486045,0.8137521191716311,ok
49,0.9621523233461767,-0.09196989344136862,0.7216120798803304,True,True,True,0.0012034797170084061,1.4982797560474762e-06,1.8970882864049354,0.028778972533371024,0.976138092114873,ok
50,0.9870318608436438,0.7016910567503407,0.8402490889986107,True,True,True,0.00396023414670542,1.0373555074830899e-06,1.409751955829442,0.023007943334700447,1.1224270605540017,ok
51,0.8137441319260182,-0.5694946575805719,1.3722400930398115,True,True,True,0.0041098395409267284,1.4752880054919261e-06,1.153317381793846,0.004795349786810319,0.8574561941458162,ok
52,0.751143309534846,0.19075801600379966,1.4269946142868826,True,True,True,0.004471536598045474,2.0301289662421334e-06,1.2965239408970948,0.003487739540438442,0.702117475795303,ok
53,0.9535369055808226,-0.6691795733246215,1.6160118451376078,True,True,True,0.005759547168942398,8.536132101743547e-07,1.221272803773082,0.0025276321712081246,0.836613932121246,ok
54,0.5511611809433244,-0.4850038070315057,1.2548524693914833,True,True,True,0.004537267376140046,2.479363897787405e-06,1.3695606778085325,0.006783059093408477,1.046418839800718,ok
55,0.7371298674633446,0.4166587408401313,1.5082514720643019,True,True,True,0.004114184170442179,1.65630311574248e-06,1.388596931537059,0.0028317536690958558,0.8059710978596991,ok
56,0.6113217027928451,0.5217636733968448,0.9909178381401186,True,True,True,0.004163564969925525,2.537728122590042e-06,1.012757717378217,0.012645933504363818,1.115457774679378,ok
57,0.8931697947817648,-0.3574627995914466,1.6360435700489633,True,True,True,0.003924994193689846,1.2421399730813035e-06,1.3272349607462994,0.004127056499273521,0.6452014208942559,ok
58,0.5169917779011349,-0.4443148102017681,1.135097060003038,True,True,True,0.0038121849632269823,3.2284529588251015e-06,1.2922818779390557,0.009105546940975366,1.0987145558739917,ok
59,1.1007421650247877,0.7709961796222922,1.448608019456949,True,True,True,0.00840006871587615,6.56689708188481e-07,0.8640695996239627,0.0031881152922135533,0.8688710042184815,ok
60,1.032176263092668,0.7272253855832593,1.2188583603864491,True,True,True,0.006610760474656174,9.497462264564338e-07,0.7919004435031459,0.009871436652888713,0.912341473075448,ok
61,0.7315486784426483,0.3305045276330769,1.3616612631677611,True,True,True,0.004696882892881145,2.069103543856859e-06,1.2511911509442661,0.0048648099544241425,0.7841638621358846,ok
62,0.6846369655699729,-0.5019441101618012,1.446789611349026,True,True,True,0.004156643353283403,1.7315015629203238e-06,1.393222257923418,0.0030671366401381146,0.9034170640947674,ok
63,0.5902474679974774,0.4787065018176851,0.9409705750056847,True,True,True,0.004499302711635827,3.069879078101992e-06,0.9893330338062822,0.01358952468017799,1.135100694078313,ok
64,0.5636382844001641,0.3201302098542266,0.853284316624494,True,True,True,0.006759198393419098,0.004296435013508473,3.7548859054517427,2.7197277760348393,1.2107275117401286,ok
65,0.6850976885058164,0.10707487670331549,1.5745620408374643,True,True,True,0.0036301579391612433,1.8541977269564236e-06,1.5278143917757245,0.00711549447890388,0.7479922962784893,ok
66,0.6764161715655868,-0.20620154831085252,1.4774048382411775,True,True,True,0.004181258130832367,2.066594285645158e-06,1.44243494458287,0.005336843934485713,0.7779017395995176,ok
67,1.3274602534974094,0.0015348772335184904,0.8438975025512507,True,True,True,0.005839427268312163,9.768610759762788e-07,1.3839411269079815,0.021201192312288685,0.7518094283218836,ok
68,0.5119808434054156,-0.22970383114513246,0.831822217786521,True,True,True,0.009554787257815209,7.9352391807409e-06,14.359292311634896,4.246650142244232,1.8252680114811628,ok
69,0.9075283701982384,-0.6075635834504859,1.2063299316206328,True,True,True,0.0049823625164995625,1.3292260224281744e-06,0.8651743959572359,0.009340754668714398,0.8761510339073313,ok
70,1.096571367549432,0.13950767056035387,0.8997756516600576,True,True,True,0.0036926800007713264,1.2898318332530298e-06,1.0995933335286607,0.01916956384294181,0.7479449002353042,ok
71,1.1265577615437583,0.39348646133625886,1.4389840039155417,True,True,True,0.006194083240022887,1.0469895052753372e-06,0.8426551343376067,0.0035372917871165067,0.5050372329042985,ok
72,0.5452491757382304,-0.36266635306146267,1.6275625510065077,True,True,True,0.003704712415215101,1.7770243880748549e-06,1.7544287698702004,0.008993339594037223,0.9643641665740667,ok
73,0.8265472881659044,-0.26523985357182406,1.1885840453515333,True,True,True,0.004529209196152523,2.1691741999307156e-06,0.9587836652554882,0.009090129865524009,0.7280780562774748,ok
74,0.8187077284611806,0.704802880179986,0.986446226882055,True,True,True,0.003547017648812932,1.2475635744201615e-06,1.0336106065402604,0.01628652045053418,1.1049101238946504,ok
75,0.9514501912065634,-0.8708887157614273,1.2551980423268247,True,True,True,0.006818326491227068,8.358091641589344e-07,0.8841437153243358,0.008906633060115996,1.0624927434106504,ok
76,0.863598567531641,-0.6097763979234693,0.8403395970639126,True,True,True,0.002556071830063913,1.2414394005057183e-06,1.4379989258717074,0.0228232760134387,1.1129674766830393,ok
77,0.6612753130676176,0.588605064050159,1.296042553234373,True,True,True,0.0041818084737196455,1.818254304101456e-06,1.2615507222697953,0.006155639015189635,1.0006165179238933,ok
78,1.1530123674797979,0.5926749597846778,1.1673816015552916,True,True,True,0.006923683794718588,9.388015452861499e-07,0.7889351729543667,0.011436078717026494,0.7771352638453329,ok
79,0.8600431132876079,-0.8047136312062111,0.8091439967657349,True,True,True,0.003528845150959414,1.0545499993014006e-06,1.4910055788112573,0.025652704517308483,1.2642750989999219,ok
80,1.0857582125609235,0.5420474650365459,0.9326407419664337,True,True,True,0.004630581702895481,1.0729003363492028e-06,1.1660577825598661,0.018729934516809748,0.9125599139683892,ok
81,0.9613171368761786,0.16045270764419448,1.5677389537760111,True,True,True,0.004493083368592314,1.3458297407043545e-06,1.1776810369412545,0.0022439833624307106,0.475435463874242,ok
82,1.022897565302621,-0.14038285160693825,1.0741840434071825,True,True,True,0.004565325079600527,1.5910714953548972e-06,0.5986010338663338,0.013099635244700404,0.614647386345046,ok
83,0.8658049225830193,0.2091373352507082,1.567490631752325,True,True,True,0.004104756217252563,1.4994660392688906e-06,1.293588544127335,0.0033564741399385997,0.5881469052957511,ok
84,0.8433758434817964,-0.3500010939640157,0.9366623629975811,True,True,True,0.0034562579986703867,1.8800459923112806e-06,0.6713526200325638,0.015595762775068224,0.9051764439899682,ok
85,1.0097854729555493,0.543608076900578,0.8052780798541249,True,True,True,0.003108462986626205,1.1637144553629085e-06,1.5029203260912114,0.024245500670479803,1.0398308204159308,ok
86,0.5967130342180006,0.08854716842440054,0.8461732441926982,True,True,False,0.0323523375330172,1.3842618755725556e-05,13.142219547821721,5.254328766093485,1.6684808220537701,ok
87,1.1571643280643242,-0.35273313248186655,0.8438719329711426,True,True,True,0.0042262202469905835,1.1103054243599492e-06,1.3647943341585413,0.02184212735010858,0.8609032820275502,ok
88,1.1155554521020263,-0.6413497331709159,0.9847200823379355,True,True,True,0.005847530976837736,9.466637744220588e-07,1.107946229562755,0.017103960462636254,0.9383724378557721,ok
89,0.5554231657808059,-0.3798513167014105,0.72114801633644,True,True,True,0.0031672008124181933,5.004956024303609e-06,0.8067070577819563,0.018243433851830887,1.2541773450755898,ok
90,0.5193928877872097,-0.2888648906474382,0.7533819326271753,True,True,True,0.01676670930155554,1.1765175761756034e-05,10.388917403461882,3.878773974861912,1.7337890073005306,ok
91,0.982535020299753,0.2845700956021445,1.0936304568320283,True,True,True,0.004528858517781498,1.6052913737673696e-06,0.6641544820561149,0.012402211265126441,0.6798665528608306,ok
92,0.8043728254460977,0.005679714408021967,1.5750049422346084,True,True,True,0.003846346346954918,1.6557145182841097e-06,1.379846580800191,0.004957335056124487,0.6127127827394997,ok
93,0.9317212055399913,-0.8043776826242361,0.881498409596524,True,True,True,0.0044702119823061374,9.707689387295656e-07,1.3236377875057617,0.02164551107423059,1.1892430818423267,ok
94,0.6836050846700216,-0.2817629864646399,1.2712326517427726,True,True,True,0.004727151558309684,2.5403974107360373e-06,1.2234202658085158,0.006726502856207353,0.8331340058015833,ok
95,0.6735602773369459,-0.5709843324698685,1.0736141384595714,True,True,True,0.0035650339111503817,2.003527317890113e-06,1.0218500112770668,0.01118535629984427,1.0586615973828382,ok
96,0.7878657456570736,-0.5641215635992062,1.5334585537885597,True,True,True,0.0038681662288295323,1.337904324214702e-06,1.347832572380841,0.0017094418324996587,0.857759914841665,ok
97,0.46633490291753693,0.36398657059398093,0.7991131415798755,True,True,True,0.004302232470775986,7.56540809953708e-06,11.288049324154564,4.730807149292644,1.8270898297875815,ok
98,0.9910618311225488,0.719776612314168,1.6795706805865926,True,True,True,0.006884431303993051,6.694427120920744e-07,1.23059232349464,0.004622666247602013,0.8706403765663344,ok
99,1.0801499836622164,0.503225511592567,1.3424832759955476,True,True,True,0.00620133373880813,1.0993890859328985e-06,0.7955123558682521,0.006226012182527549,0.6495608563444207,ok
