target_id,target_x,target_y,target_z,variant,planned_success,planned_error_m,planned_max_tilt_deg,plan_nfev,plan_time_s,sim_success,final_error_m,max_tilt_deg,path_length_m
0,1.163854102370001,-0.11131059602498809,1.5585979199113824,position_only,True,6.173382004716765e-08,6.414642678851636,814,0.4075276999938069,True,0.005599097069752386,6.599252153613683,0.28420966031383904
1,0.8931923924415376,-0.6554673166127,1.6756223516367559,position_only,True,8.350908502503735e-07,35.62043532941503,948,0.47646809999423567,True,0.010492438132037445,42.90887972370493,1.5338169867500042
2,1.0454165609056933,0.5001806527056398,0.8281136326755458,position_only,False,0.17025349769820433,47.46793295532429,657,0.34089930000482127,False,nan,nan,nan
3,0.8918808657802574,-0.18223759809041115,1.6267649888486018,position_only,False,0.13666170986158233,50.47783714987324,592,0.2936083999957191,False,nan,nan,nan
4,0.9329091444513473,0.5139082615586104,1.143414198827331,position_only,False,0.12213221828342864,51.53733133690007,620,0.3158279000053881,False,nan,nan,nan
5,0.7291395053574977,0.06223838342847525,0.7638172561041753,position_only,False,0.8998884445498484,47.50098020791457,160,0.07874829998763744,False,nan,nan,nan
6,1.186626735201665,0.24721523222599218,1.4580877400853738,position_only,True,1.8126720930715092e-08,12.415157284242222,805,0.3520434999954887,True,0.005897097737279353,12.793412355302365,0.39880797911547516
7,0.6188028765700346,0.5585755057582851,1.5931211213221976,position_only,False,0.19522206579453383,47.55281928355804,634,0.3044397000048775,False,nan,nan,nan
8,1.0421473106672003,-0.5377454938395776,1.1667210037270341,position_only,False,0.15403050762881434,47.651084796487005,662,0.3478826000064146,False,nan,nan,nan
9,0.5020043806895556,-0.3004445512826424,1.3830489532424546,position_only,False,0.8765264401281657,49.56261646602344,85,0.04185410001082346,False,nan,nan,nan
10,0.8543511494606293,0.7635208174585386,1.0258253581381518,position_only,False,0.49141941053336835,57.13426552479302,485,0.24164500000188127,False,nan,nan,nan
11,0.845413419629878,-0.040181379387507245,0.8894713590842857,position_only,False,0.6119843877750408,51.10259057523909,314,0.14526270001078956,False,nan,nan,nan
12,0.6534675917073415,-0.02477849298380981,0.9269093490508841,position_only,False,0.5665104006672714,71.81354943282432,360,0.16950280001037754,False,nan,nan,nan
13,1.0806365399599578,-0.106289641105831,1.5326781960578373,position_only,True,3.106153517128937e-08,3.4976720652225235,841,0.42805679999582935,True,0.005107903418007105,3.9653468655402877,0.34938499869132944
14,1.0629903130699898,-0.32034740587987487,1.5322598013952011,position_only,True,8.489869128582453e-08,22.173320527733576,803,0.36717979999957606,True,0.008177270651953757,22.794808273992206,0.583970471661062
15,1.1754667485376038,-0.20847970448428202,0.9883281039302441,position_only,True,1.1091226043038317e-07,36.654754550167524,768,0.3439844999957131,True,0.006607909070350151,38.09900947488629,1.0783312298119427
16,0.9274304445739306,-0.58402130634152,0.8999082024751083,position_only,False,0.618771272407931,105.64474773810554,390,0.21096229999966454,False,nan,nan,nan
17,0.5011277465754257,0.24059191366978283,1.364850856592032,position_only,False,0.1421886193538535,45.7143351800999,663,0.3161026000016136,False,nan,nan,nan
18,1.0089897747766317,0.4724726688008941,1.15891577553834,position_only,False,0.2347894307385867,45.48729968156508,547,0.2924420000053942,False,nan,nan,nan
19,0.850460656816557,-0.535469433627178,0.8145300735359734,position_only,False,0.1628507746751646,46.994609815861814,654,0.3055284000001848,False,nan,nan,nan
20,1.0836198813129583,-0.048893471652980795,1.2652361064811888,position_only,True,6.666600764711052e-10,9.88374725570923,757,0.35290049998729955,True,0.008372213277083602,10.786467570092011,0.5916592532452456
21,1.1364321171372742,0.24241270356069058,1.253579400657996,position_only,True,7.380641085754904e-07,31.08229511447614,891,0.46394250000594184,True,0.004528065809476348,31.447518386401846,0.5769656098050866
22,0.9510829899733705,-0.30029908884610973,0.7308178345679394,position_only,False,0.4160815323728788,45.929629944930696,474,0.24490679999871645,False,nan,nan,nan
23,0.8116884829766453,-0.38734382541177387,1.108528643724636,position_only,True,3.278094522877638e-08,42.27174234595103,866,0.5374716999940574,True,0.005296799828260377,43.83597782676984,1.1922867881777783
24,1.1280573998724275,-0.4970826516442884,0.758302741689066,position_only,False,0.673535864874795,45.947320709271075,260,0.17410619999282062,False,nan,nan,nan
25,0.7352715443470045,-0.24528920411256164,1.361916514726895,position_only,False,0.12708979581652888,50.298423033558294,570,0.24368159999721684,False,nan,nan,nan
26,0.8995684393683699,0.4266698969314954,1.3643135403273874,position_only,True,6.577520905808268e-07,35.96378149475212,854,0.46062240000173915,True,0.006250224146900469,36.286381038815186,1.0016791682882256
27,0.7721906498475132,0.4117501891827721,0.8669729199077039,position_only,False,0.20822745830250686,45.239414780556714,612,0.29872369999065995,False,nan,nan,nan
28,0.45588747854774436,-0.33909197535689545,1.4223593505964502,position_only,False,0.5527037570881345,45.25942709565156,418,0.22126279999793041,False,nan,nan,nan
29,0.7940879383886682,-0.46358157562036406,1.2010447751033635,position_only,True,2.657188912132644e-07,35.420276696394055,894,0.4249276999908034,True,0.006261082240891347,37.519915922554,1.077176584471977
30,0.6405870994530902,0.2025590369421352,1.1461562755740307,position_only,False,0.3380761277452966,61.51902582590942,501,0.22683469999174122,False,nan,nan,nan
31,0.8141644340073257,-0.2604771490812935,1.3302825931188884,position_only,False,0.014967418801613543,47.810214896217204,862,0.3591622000094503,False,nan,nan,nan
32,0.6716784060753331,-0.5035122340108307,0.8180059021205153,position_only,False,0.4101521939525639,49.64486791186842,503,0.20802520000142977,False,nan,nan,nan
33,1.0604362324287449,0.7852407889800558,1.3997071338107494,position_only,False,0.5134525984228714,57.70724557015471,412,0.18723760001012124,False,nan,nan,nan
34,0.5673663907300336,0.5097063076463774,1.4787509039657944,position_only,False,0.3139367935681037,111.096617513471,602,0.2808167000039248,False,nan,nan,nan
35,1.1200084042786584,-0.08866074963047785,0.972241561845159,position_only,False,0.2728086378251161,93.27982591120865,397,0.17271030000119936,False,nan,nan,nan
36,0.5074402638530563,0.3684763283715002,1.155776289833611,position_only,False,0.24124147267772683,58.348156840853974,636,0.31211299999267794,False,nan,nan,nan
37,0.6795230281788104,-0.2122187816798992,1.279219568941896,position_only,False,0.2051901510045354,84.53170209397317,609,0.31504109999514185,False,nan,nan,nan
38,0.5871558435825569,0.365112556724295,1.45851952983521,position_only,False,0.5166459579315864,54.70907979951877,442,0.23226340000110213,False,nan,nan,nan
39,1.1192605843020214,-0.11901424475895461,1.3273088407024431,position_only,True,8.285424030075135e-10,32.39769447038927,735,0.36711219999415334,True,0.003570224957067047,33.002278524834445,0.5253169487680807
40,0.9896105977084164,0.23563988926051435,0.784444321139889,position_only,False,0.21107423208744294,51.88023080564849,566,0.26821550000749994,False,nan,nan,nan
41,0.6664325804155872,-0.5787326143554344,1.1939908192445188,position_only,False,0.15159661519537973,46.97593118692571,658,0.3378052000043681,False,nan,nan,nan
42,0.6919208315277459,-0.42855666856072044,0.8034029677225516,position_only,True,1.8295743778928117e-07,32.514857414993635,875,0.3417180000105873,True,0.006146339705755796,33.41999352926064,1.742322766662604
43,0.8883639342345084,-0.501443392141252,1.6251201183767972,position_only,False,0.06029165438692208,60.07949459199902,773,0.31498260000080336,False,nan,nan,nan
44,0.9860301029416242,-0.24013110959229692,1.2909154914814167,position_only,False,0.17079708802719257,55.14288442125071,519,0.2077461000008043,False,nan,nan,nan
45,0.428945218682672,0.37270124289721596,1.1823034369429002,position_only,False,0.25539587882194326,51.73000292228405,701,0.362303099987912,False,nan,nan,nan
46,0.9356739823669012,-0.7126940702210119,1.1866583308381604,position_only,False,0.6041533111998575,50.67607236194061,319,0.1566673999914201,False,nan,nan,nan
47,0.7311264468495655,0.5948815180407897,1.2717280523760754,position_only,True,1.7353677810612949e-07,34.37324684092351,915,0.46195300000545103,True,0.005630184991355946,36.84173675250687,1.2586221810327742
48,0.8680966168569126,-0.3302452921635624,1.0315689973425521,position_only,False,0.08527298363321016,53.21962071276157,698,0.32846580000477843,False,nan,nan,nan
49,0.9621523233461767,-0.09196989344136862,0.7216120798803304,position_only,False,0.6744246414322359,49.44968796110684,323,0.16610119999677408,False,nan,nan,nan
0,0.8116459008824606,-0.700050464434099,0.7200295868742168,position_only,False,0.6906492610379069,45.028706665072804,408,0.20522579998942092,False,nan,nan,nan
1,1.2101016460281084,0.16552596298605743,0.9247052302036244,position_only,False,0.07195084803402174,47.07245509824418,688,0.36378729999705683,False,nan,nan,nan
2,1.0740784420539402,-0.4149160593345692,1.119977909716268,position_only,True,9.675068317845469e-07,25.209937141484506,927,0.4699880999978632,True,0.0050115705838665375,25.304311638406976,1.1242941019969366
3,0.6905623932485773,0.5939073676174305,1.5919016691830428,position_only,False,0.11769420046480687,49.238812941511725,667,0.3586263999895891,False,nan,nan,nan
4,0.7272360061625172,-0.26174821118731545,1.1219995748472629,position_only,False,0.19304638280565134,52.86237850964394,591,0.26737459999276325,False,nan,nan,nan
5,0.5288646695798718,-0.162484464106949,1.6517540164636144,position_only,False,0.4550178871516039,62.93542776676408,410,0.18948519999685232,False,nan,nan,nan
6,1.2187315747975127,0.06685352397284512,1.1854885459574875,position_only,True,2.4830037885217895e-07,37.532535412243504,914,0.4276611000095727,True,0.006430352757438641,38.70677949658294,0.4612985212225397
7,1.292328534167099,0.18917632222674044,1.6428679185687103,position_only,True,1.31177921250724e-07,11.719439336349813,1087,0.54110230000515,True,0.007766310246061789,12.042304599856092,0.29148658151842166
8,1.0071223618835479,-0.8964552345270174,0.8185606020923468,position_only,False,1.0203632547499384,61.876992823615886,187,0.09303650000947528,False,nan,nan,nan
9,0.9673722695559618,-0.6382609332503806,1.0418428551185648,position_only,True,1.5155430251629656e-06,38.34428022775839,1015,0.5656164999963949,True,0.007086980773408009,39.948380993935885,1.503404210847739
10,0.7875120146284714,0.06284273511463725,0.7506197622984367,position_only,False,0.8779226304658613,52.14119735651504,184,0.08087720000185072,False,nan,nan,nan
11,0.9073750453571336,0.07863842579235604,0.8191705243218587,position_only,True,3.0451206028264147e-06,24.00768030361779,793,0.33160059999499936,True,0.009642678077544289,24.376343895045004,1.3495917183245638
12,0.8231193174008749,0.00584484517660565,1.0039651105723884,position_only,False,0.4345641798676194,60.54179662812548,406,0.1949770999926841,False,nan,nan,nan
13,0.8764262362581584,-0.11751100900170008,0.7933138421568546,position_only,False,0.5746315909660535,67.91591390141699,387,0.18392690000473522,False,nan,nan,nan
14,0.803299423823807,-0.6292219951263431,1.2805194318922803,position_only,False,0.32193335257383227,50.2953939244055,501,0.23932750000676606,False,nan,nan,nan
15,0.6151497012863455,0.03759121533232992,1.5507689829291569,position_only,False,0.06491121407654597,61.61867485769076,860,0.4656325999967521,False,nan,nan,nan
16,0.6213367214569149,-0.4732435808589368,1.0204800922364665,position_only,True,1.5727012788020457e-06,35.102758384810464,892,0.46389060000365134,True,0.017700884824456253,35.433153043359916,1.7522769600539863
17,0.8760154472837429,0.1548675181014284,0.8515318303996794,position_only,False,0.2594142488602471,49.088589685361256,553,0.2710965000005672,False,nan,nan,nan
18,0.4758152280977827,0.28212747460088344,1.155089317954996,position_only,False,0.572397109993117,45.76979688986564,450,0.22769129999505822,False,nan,nan,nan
19,0.8994743759708098,0.4569837097486186,1.4632470379251716,position_only,False,0.41510594085474534,46.03611907708554,326,0.14603360000182875,False,nan,nan,nan
20,1.1920391929992749,-0.33988226283771494,0.8937945534393459,position_only,False,0.1812957714258229,45.39958381547735,597,0.2967098000081023,False,nan,nan,nan
21,0.5528148208803195,-0.09043345622406444,1.3065051385540762,position_only,False,0.7356331321320673,59.9171994579487,211,0.09128720000444446,False,nan,nan,nan
22,0.8330789462001225,0.558943655339548,1.527778323064191,position_only,False,0.14017586715411912,54.16201534553041,674,0.35935369999788236,False,nan,nan,nan
23,0.7878264500552065,-0.525899997458739,1.200576601815097,position_only,False,0.155442112752847,45.054059643353554,626,0.3371661999990465,False,nan,nan,nan
24,1.0652813535152248,0.7196626875218011,1.374075593306397,position_only,False,0.50595452322789,53.23203845674879,404,0.21539060000213794,False,nan,nan,nan
25,0.9383194581767322,0.5289177447408662,1.3870384106747757,position_only,True,6.323098989995099e-07,19.12131582492529,951,0.501390999997966,True,0.0028958737263538397,19.143784660403423,0.8211384244464285
26,1.0370557330956258,-0.1601868068083435,1.0995067625640724,position_only,False,0.26856969731450603,103.36570201504023,435,0.20477240000036545,False,nan,nan,nan
27,0.7774308491455221,0.5267473889548263,1.3415268388187773,position_only,True,3.144058830158954e-10,27.483200665739712,875,0.3493309000041336,True,0.002820516114927638,27.903383621155996,0.9486414075816731
28,1.2103613671338633,0.005062003999073585,1.236465432912854,position_only,True,3.514931700968821e-07,5.995229818663027,909,0.40799239999614656,True,0.002156109134320553,6.501888108546257,0.7283612005695096
29,1.0583344864417439,0.3314895718207001,0.9194734570811661,position_only,False,0.10166187635105248,58.36538010067609,650,0.2670090000028722,False,nan,nan,nan
30,1.1742368918031507,-0.5378321415749565,1.3581742890081223,position_only,False,0.007988207242008426,45.07919750367208,913,0.39614650000294205,False,nan,nan,nan
31,0.7915640123103077,-0.2807697080126568,1.6932259937973315,position_only,True,1.3342261281428182e-06,23.211101159883977,902,0.39562750000914093,True,0.008489133856917736,24.752182980670963,0.9832802513443835
32,1.0317618178822572,-0.36260515375209457,1.4271890224959491,position_only,True,4.85921324542012e-07,23.259772659628382,900,0.48824079999758396,True,0.006104778935414551,23.479183057620045,0.6169326601118196
33,1.1258584141656465,-0.24459200686653737,1.6331646641626132,position_only,True,1.5418477854104686e-07,32.319402826262916,857,0.4245634999970207,True,0.0060499664902586734,32.96538303943783,0.49880258612231165
34,1.2378175920250438,-0.4743326180584646,1.4306887180473518,position_only,False,0.38331724361230807,49.314982904568126,365,0.21442750000278465,False,nan,nan,nan
35,0.6439714661085851,-0.3025920071510189,1.4726449358666347,position_only,False,0.14245203271049406,49.00647475059685,668,0.3143137000006391,False,nan,nan,nan
36,1.30614680729754,-0.008210054715603612,1.0140312957966149,position_only,True,6.496240121443856e-07,23.298861524225213,818,0.444086099989363,True,0.005389482264787327,24.47479394463629,0.5896587004564278
37,0.7738307149089899,-0.05587748637550864,1.3402806633223152,position_only,False,0.3754953344898549,76.10724072868092,410,0.1803823999944143,False,nan,nan,nan
38,1.190567547134816,0.4840108554431556,1.579560586894266,position_only,False,0.10795255572837435,47.89043840499728,688,0.33391639999172185,False,nan,nan,nan
39,1.1502532465553472,-0.12539683330775667,1.653453021379346,position_only,False,0.023058887070018855,49.9655462368756,708,0.32512569999380503,False,nan,nan,nan
40,1.0328619536761845,-0.075536541341773,1.3785976593480103,position_only,True,1.0348282977307982e-09,11.660490548637632,806,0.3398158999916632,True,0.00599019662802246,12.055268014549048,0.4899015562218961
41,1.145627702467592,0.12803617977759482,1.183349621393199,position_only,True,1.1597746344876316e-06,18.940084836082722,776,0.3937375000095926,True,0.0018169065243888026,20.008714619483932,0.6957683824887182
42,1.281009526080825,0.015805559276369938,1.238050630383189,position_only,True,4.501043727886739e-07,14.851983004941488,762,0.312837400007993,True,0.004623180063139999,16.62406511200558,0.5284680738222436
43,0.9773518507981546,0.8561535727236089,1.3518086078725147,position_only,False,0.7288241106558263,45.040711414486054,287,0.13022540000383742,False,nan,nan,nan
44,0.7589481903114169,-0.46976293407655895,0.7994952447894955,position_only,False,0.14062826404346707,67.75788315127289,711,0.3753599000046961,False,nan,nan,nan
45,0.5727202230728335,-0.5492232459752053,1.5481377700897647,position_only,False,0.6088992555531694,48.58944977425562,363,0.1755033000081312,False,nan,nan,nan
46,0.6284771598147483,-0.3693314085983852,1.1920140374685193,position_only,False,0.5963844226092224,45.02284329484557,401,0.22108610000577755,False,nan,nan,nan
47,0.8000050498537822,-0.6975199711188634,0.8273932575477477,position_only,False,0.10017502596475478,45.36310835532433,699,0.31255160000000615,False,nan,nan,nan
48,1.2984774762794344,0.22512854100223167,1.6329524524176553,position_only,True,3.955580382531958e-08,31.165975384269665,1108,0.5160326000041096,True,0.00887290020006836,33.23697626564289,0.36961482909427945
49,0.6412585213220269,0.3245390106231504,0.8463232119471799,position_only,True,1.6194682356712557e-07,13.197076908287913,986,0.5878607000049669,True,0.002629219434853231,15.60831938112365,1.7669129549652514
0,0.6024597626948055,-0.2387763755277309,1.105770727821131,position_only,False,0.33199681741520576,49.259378763892464,553,0.25925839999399614,False,nan,nan,nan
1,1.1456668686625935,-0.6663276346018205,1.5572936735567715,position_only,False,0.2554841135198993,51.253630734699115,612,0.27952120000554714,False,nan,nan,nan
2,0.6588126722075123,-0.17017434633123324,1.3777228173805365,position_only,False,0.17728826947645868,50.68091057580539,611,0.26789020000433084,False,nan,nan,nan
3,0.7913475254509029,0.6797737646826402,1.1114007808673738,position_only,False,0.5945858356206845,47.367164486466734,393,0.18271730000560638,False,nan,nan,nan
4,1.0237551686363526,0.8039796387439712,1.4155717419428655,position_only,False,0.616507528613072,48.820793116845664,368,0.16999979999673087,False,nan,nan,nan
5,0.5057861957407315,0.2530798231971313,1.6007551884531135,position_only,False,0.24015852504523597,49.336647549749074,588,0.2562677999958396,False,nan,nan,nan
6,0.8629427669200993,-0.4409826583354845,0.8807932306473766,position_only,False,0.6291618998715626,57.00866622601509,324,0.1389132000040263,False,nan,nan,nan
7,0.9807564439581616,-0.7361847610956868,1.2462064290634058,position_only,False,0.0315679452241052,53.98316443512223,838,0.43368240000563674,False,nan,nan,nan
8,0.6787647966647585,-0.21742903426315732,1.6771544765304354,position_only,False,0.21799291256148484,45.81827110069812,541,0.2412105999974301,False,nan,nan,nan
9,0.739909853627111,0.21780091515101466,1.46738516830775,position_only,False,0.10335401127226385,48.58581966069732,670,0.2752628000016557,False,nan,nan,nan
10,0.6649101454797642,-0.4089116164023182,1.472160590952181,position_only,False,0.10641193710912723,48.08952615195166,743,0.332082699998864,False,nan,nan,nan
11,0.8633688972811985,-0.29660133235384767,0.9116228200465507,position_only,False,0.02005108747407407,109.2408238669036,840,0.35271999999531545,False,nan,nan,nan
12,1.3022267121520255,0.30248949808346953,1.2230638924619144,position_only,True,8.087684762929212e-08,27.40760035747864,798,0.3765242999943439,True,0.007585011307011611,28.01553039902704,0.5592699980976522
13,0.5131191103402771,0.38476852677718126,1.0327868361353918,position_only,False,0.13983144883628848,48.89774849342912,713,0.3485943999985466,False,nan,nan,nan
14,0.9539448652421196,0.6989385041775686,0.9058457371948155,position_only,False,0.1358463266996213,48.65930701373658,691,0.2870830999891041,False,nan,nan,nan
15,1.0882744647438878,0.76865977836876,1.2661261830359753,position_only,False,0.011487851294584397,45.98348969646722,921,0.41822900000261143,False,nan,nan,nan
16,1.062030948967147,-0.3843833699772956,1.4237042640639515,position_only,True,4.605633019633818e-07,23.110647803954215,965,0.39208059999509715,True,0.005217624879090009,23.670880457447723,0.6427427059865949
17,0.8619497668430738,-0.24062644434537567,1.3968718015333135,position_only,True,1.1324300966794992e-06,43.72221177986089,898,0.39489769999636337,True,0.004738153166203549,43.462559325957756,0.9320015083093268
18,0.8132796920851438,0.26864897521255315,1.551529841131666,position_only,False,0.14555390298883744,55.49735025376066,582,0.24054959999921266,False,nan,nan,nan
19,0.6876899810165048,-0.33888511736869253,1.020365900020813,position_only,True,4.7857887492113084e-08,20.709983418240732,890,0.39041390000784304,True,0.004343810756112773,22.4595879995113,1.6866647042656333
20,0.83315205454697,0.3101252877458074,1.137484175120215,position_only,True,4.298076510745548e-08,38.8768076219471,846,0.33657149999635294,True,0.006041258783802864,40.52792006036579,1.162177541792892
21,0.7909711285993217,0.7712910630791342,0.933713763103673,position_only,False,0.2079494101475339,49.58558347815467,661,0.3004655999975512,False,nan,nan,nan
22,1.155982630715144,-0.041878395069119986,1.1181667652269565,position_only,True,1.6372816362611016e-07,35.159649428410624,815,0.32940670000971295,True,0.005870808523329428,37.402319179565104,0.5824716150990105
23,0.8537039035764531,-0.5786413083407734,1.0153659902502197,position_only,False,0.467969365734782,46.79207904026246,443,0.189127700010431,False,nan,nan,nan
24,0.7577758700451911,0.13185012293679893,0.9249908930316485,position_only,False,0.49824826449462956,49.701558041496796,399,0.17263220000313595,False,nan,nan,nan
25,0.44331540145687287,-0.38615120423777577,1.4745405417566957,position_only,False,0.5996151877239421,53.30301240524473,431,0.20395599999756087,False,nan,nan,nan
26,0.9379426875277139,0.5690314686289486,1.37718576550291,position_only,False,0.5542990678382447,59.939746059106575,274,0.1146322999993572,False,nan,nan,nan
27,0.5629079583148295,0.18265468149034314,1.2469941118744472,position_only,False,0.20846688691083992,46.2098045479001,662,0.3207918999978574,False,nan,nan,nan
28,1.20393526366577,-0.5398579372738201,0.7778097242137275,position_only,False,0.5744870268274833,47.55690264302549,441,0.2149892000015825,False,nan,nan,nan
29,1.2074769361608735,-0.1463395622738719,1.1699682845610373,position_only,False,0.06789227618066507,59.18534542822185,651,0.29752770000777673,False,nan,nan,nan
30,0.9888845281039563,-0.5333926601469239,1.15102537588236,position_only,False,0.38100999777313427,46.144932341782315,391,0.17973030000575818,False,nan,nan,nan
31,1.179046157165268,0.17430354661152275,1.603170965430293,position_only,True,7.693843642193117e-12,27.49785435358133,820,0.3592509999871254,True,0.00695675838655954,27.95534455933679,0.34653232019613694
32,1.1655551350553304,-0.42988577062359884,1.4957597450589266,position_only,False,0.15776625985955392,46.500443177108416,576,0.25142329999653157,False,nan,nan,nan
33,0.8792468206215797,-0.5901072384884155,0.963623456814848,position_only,False,0.22980195623524471,52.87749069945873,627,0.2887135000055423,False,nan,nan,nan
34,0.9891458642638068,0.5924920101781936,0.855122996462709,position_only,False,0.12954176859650365,50.528486904108846,745,0.3906715999910375,False,nan,nan,nan
35,1.0724629846382134,-0.2986697673262191,0.8835135801021032,position_only,False,0.5731756565099251,58.80921391683014,296,0.178770300000906,False,nan,nan,nan
36,0.5096169110314476,-0.3684418854036319,1.162961614673578,position_only,False,0.43351534446837325,47.11805938459285,543,0.29045179999957327,False,nan,nan,nan
37,0.6341201278618638,0.10582623033593781,1.52508282657818,position_only,False,0.243703868758024,65.01357851188318,551,0.24358749999373686,False,nan,nan,nan
38,0.8725793345328869,0.16481893838305994,1.5363204311861858,position_only,True,2.3035265603023526e-07,35.568513467427906,874,0.39170110000122804,True,0.005672532735903414,36.87656137364207,0.8069313035188012
39,1.1584617247067999,-0.34681933945170734,1.265734101082721,position_only,True,2.781405075756449e-07,26.366483141158042,801,0.3157863000087673,True,0.006090999642832165,26.858180634548912,0.6035637653850603
40,0.7712510616053943,-0.5197753053909934,0.8997694975342324,position_only,False,0.5442281309135607,45.99525142781389,408,0.170331500004977,False,nan,nan,nan
41,0.5604112060376766,-0.25925341083017966,1.6578857649348246,position_only,False,0.33722070290429984,46.01454426103528,535,0.22627890000876505,False,nan,nan,nan
42,1.116662228374141,0.6165035449544083,1.5464860566340501,position_only,True,3.068885272911879e-06,41.892073577247686,1023,0.5612643000058597,True,0.006352476427766047,42.08858464626716,0.97287942123128
43,1.136427266514136,-0.6010167071645397,1.280529258839689,position_only,False,0.23115737899482508,58.21826001581833,561,0.2556183999986388,False,nan,nan,nan
44,0.7551745951966155,-0.39281394847416473,0.8368175842161417,position_only,False,0.676648225720315,48.890706100350336,336,0.16530849999981,False,nan,nan,nan
45,1.2159072892121836,0.2665395574969837,1.408197902177669,position_only,True,3.9558411070230025e-07,16.52683315907249,803,0.33006390000809915,True,0.00522560345122123,16.315172839349913,0.4886811853989768
46,1.116738535524715,-0.589591449290268,1.6929837951817248,position_only,False,0.34888670127640964,59.56668821426107,499,0.20176290000381414,False,nan,nan,nan
47,0.9152561615876794,-0.22721308635416756,1.637404241467356,position_only,True,1.2817303399232462e-07,22.683576326988845,842,0.33557070000097156,True,0.0031671558650849265,23.64192145360178,0.6609570441134907
48,0.6423949860048923,0.40327870623804696,0.8621016185477071,position_only,False,0.4270756539421161,46.25248359636956,522,0.23629970000183675,False,nan,nan,nan
49,1.012282035206557,0.19235800858227678,1.0324980684319338,position_only,True,1.048089329290598e-08,24.79184241944562,787,0.3338101999979699,True,0.0021545374509254855,26.31220238192854,0.8810659427323733
