target_id,method_cn,error_mm,tilt_deg,sim_success
0,本文方法,5.985430661159506,0.9252064603856541,True
0,优先级IK,21.271726727266977,1.2202298076082323,False
1,本文方法,5.023972319848288,1.3549633178857514,True
1,优先级IK,14.16117103202653,2.3577059871303883,True
2,本文方法,3.4047119003369986,1.4257787387440544,True
2,优先级IK,3.933453325183304,11.895344298828684,True
3,本文方法,3.860326677638898,1.3228790630850478,True
3,优先级IK,10.279166912367959,2.7579754912345984,True
4,本文方法,4.786894756175058,0.7685340375515248,True
4,优先级IK,10.458884383217722,6.120888671434294,True
5,本文方法,3.1151658259591732,0.6338147989469768,True
5,优先级IK,4.580812774258156,10.058520484305173,True
6,本文方法,6.451047427801674,0.794506941168858,True
6,优先级IK,18.699300783660828,3.077183788237456,True
7,本文方法,3.3986919368987354,1.614720086709539,True
7,优先级IK,6.64936368094636,2.9433914464434987,True
8,本文方法,5.599044313702532,0.6723251730353323,True
8,优先级IK,16.429884853298297,6.261421138719337,True
9,本文方法,3.803454047136786,1.5687512191031405,True
9,优先级IK,5.655939478706459,4.45894658127238,True
10,本文方法,4.252917012385998,0.9985303653565022,True
10,优先级IK,13.984683028303996,8.05772629850596,True
11,本文方法,3.5010868510890205,0.6225241437862543,True
11,优先级IK,8.663163698895339,8.865228790086032,True
12,本文方法,7.141968544631973,4.034550209723729,True
12,优先级IK,10.609101313393614,7.840655255256862,True
13,本文方法,5.250613559813929,1.0000722543351956,True
13,优先级IK,19.398293367741122,1.632241693413528,True
14,本文方法,5.332903705230417,1.0182600481681072,True
14,优先级IK,14.91454165683866,1.576012542510359,True
15,本文方法,5.0204419776951,0.9507979209833621,True
15,优先级IK,3.240635758955625,9.597932117449155,True
16,本文方法,3.3020284185442006,1.217722928131207,True
16,优先级IK,6.168822721175688,10.48931696247697,True
17,本文方法,4.312299011257394,1.5509121059683968,True
17,优先级IK,11.278022347030625,5.059820830306369,True
18,本文方法,5.202792226663469,0.6933163632966829,True
18,优先级IK,15.603780143975998,6.106777961002826,True
19,本文方法,2.0959397216077775,1.5202684232681554,True
19,优先级IK,12.68305609952754,11.808333735428237,True
20,本文方法,5.0981936196144,0.7243519719127646,True
20,优先级IK,4.846259743302775,6.354978943057992,True
21,本文方法,5.813624970701449,0.6452421648074645,True
21,优先级IK,10.899171351301314,5.831499716050528,True
22,本文方法,1.4530617900726628,1.8550448378291147,True
22,优先级IK,3.6892351020073306,14.29749065701021,True
23,本文方法,3.8921455991013856,0.8910689542960704,True
23,优先级IK,9.015475076998419,6.282564712520138,True
24,本文方法,4.060000819977181,1.5825059427354062,True
24,优先级IK,3.6676509781277744,13.053112734246447,True
25,本文方法,4.620092325039635,1.251233095042436,True
25,优先级IK,15.607366979222252,3.1383090340467428,True
26,本文方法,4.559260072327972,1.0412462361726018,True
26,优先级IK,7.368242835164156,3.3837008379145335,True
27,本文方法,2.7222979988229907,0.9096221068194763,True
27,优先级IK,6.072514669852212,9.021016014374998,True
28,本文方法,3.6018754221843237,1.6672375360808052,True
28,优先级IK,6.85333743006977,4.403031164318995,True
29,本文方法,3.9853973891324594,1.0067166389876325,True
29,优先级IK,9.654716407440853,5.107602567421999,True
30,本文方法,5.133117452557067,1.243308372516951,True
30,优先级IK,11.121137352454827,5.336147508965334,True
31,本文方法,4.603016985043966,1.1200973235048317,True
31,优先级IK,6.751983135911354,3.579183958332463,True
32,本文方法,2.1083386507889443,1.3687492251012476,True
32,优先级IK,14.578242879144895,9.545609313622931,True
33,本文方法,7.895638851851189,0.8616203149153479,True
33,优先级IK,13.746906878362559,2.9283955561815835,True
34,本文方法,4.536513038575832,1.5696903134762041,True
34,优先级IK,5.147565853775763,2.825376538562831,True
35,本文方法,4.398555048212406,0.8822864783064954,True
35,优先级IK,2.6916194008586305,9.677772210703454,True
36,本文方法,13.141912756323029,1.5837994137803246,True
36,优先级IK,19.040492208618033,4.698335606259219,True
37,本文方法,4.743429175044631,1.2379860957584847,True
37,优先级IK,16.97280558029521,3.9640856845787904,True
38,本文方法,4.459303740862237,1.5305334389182768,True
38,优先级IK,10.769731724209253,2.8510917426763833,True
39,本文方法,5.465148851657289,0.7452763886727464,True
39,优先级IK,12.975456370242313,5.553341422192594,True
40,本文方法,2.0627342748776147,1.539231848769441,True
40,优先级IK,17.885329663856812,12.53848709861379,True
41,本文方法,4.0264839573389635,1.1555429839086522,True
41,优先级IK,5.100337193504564,4.8749389877926195,True
42,本文方法,2.1894289199812658,1.2071333879497232,True
42,优先级IK,13.248455535183021,9.375771948333847,True
43,本文方法,4.23701185161156,1.3174968951700663,True
43,优先级IK,11.29064456858382,1.8771342915041445,True
44,本文方法,4.735910943266785,0.867921959114475,True
44,优先级IK,8.510765250684546,4.444987571239081,True
45,本文方法,nan,nan,False
45,优先级IK,21.147354894430986,25.34240124553148,False
46,本文方法,5.485640082838402,0.8046019071499828,True
46,优先级IK,20.719850603351876,5.715216904048042,False
47,本文方法,3.8720194465578386,1.1481644378830933,True
47,优先级IK,5.865886849199683,4.130402985748719,True
48,本文方法,3.8903371288634276,0.7414948301432515,True
48,优先级IK,8.873921744171204,7.334884095429669,True
49,本文方法,1.2034797167491618,1.8970882852360684,True
49,优先级IK,3.06237855501188,14.25332842959842,True
0,本文方法,2.08263000428793,1.8499690970265374,True
0,优先级IK,14.948008036297244,15.063242008602083,True
1,本文方法,4.886128496728726,1.1398712191758156,True
1,优先级IK,2.4884036865328296,10.594293298575355,True
2,本文方法,5.325691951910747,0.6511921170595653,True
2,优先级IK,6.191910883816925,7.020161778688093,True
3,本文方法,3.5027745605105545,1.5210617135012032,True
3,优先级IK,21.22332698121887,2.2696903678012132,False
4,本文方法,4.857184480931883,1.014470706284105,True
4,优先级IK,8.983615546695054,5.860510055540644,True
5,本文方法,3.0521023518072825,1.8032678337042873,True
5,优先级IK,12.38619217583262,6.462883836906731,True
6,本文方法,6.360293718364732,0.605654881005916,True
6,优先级IK,11.892582592247976,8.533601499060785,True
7,本文方法,7.889465597235579,0.8576682267666863,True
7,优先级IK,19.986274144203023,2.2876742425709513,True
8,本文方法,6.122685288897684,1.4081058839881884,True
8,优先级IK,14.801764239138242,11.45124630699922,True
9,本文方法,4.712582465680869,0.9005184315669019,True
9,优先级IK,5.775036980493189,7.903554849403481,True
10,本文方法,1.9042849780899962,1.1177941276337084,True
10,优先级IK,4.619731401096694,10.442344014610544,True
11,本文方法,2.3756792706577357,1.101816064688899,True
11,优先级IK,9.244542640492483,10.6057777141684,True
12,本文方法,4.384727424882703,0.7719581612468285,True
12,优先级IK,14.751030440577395,7.5779737511609255,True
13,本文方法,2.0677329806937275,1.221121502163026,True
13,优先级IK,17.55758549393802,10.642998453787182,True
14,本文方法,4.368133921674143,1.0698267919914508,True
14,优先级IK,12.325194985202845,4.165812149236948,True
15,本文方法,3.587374448005425,1.593406488347042,True
15,优先级IK,19.148728008387657,5.269453302457026,True
16,本文方法,4.522468923165653,1.0371628810899878,True
16,优先级IK,4.146839762441182,6.719889662594348,True
17,本文方法,2.828347278994464,0.8154980264881522,True
17,优先级IK,9.275073064939352,9.446839262211245,True
18,本文方法,nan,nan,False
18,优先级IK,20.141909590845838,29.75431822832292,False
19,本文方法,4.585663064129546,1.1403468945261768,True
19,优先级IK,7.997221239770553,2.2513495514632265,True
20,本文方法,4.8794762093191375,1.244018903657071,True
20,优先级IK,14.240504386094686,10.925031570679717,True
21,本文方法,35.08277916974508,10.146677745442616,False
21,优先级IK,22.34528563938276,12.9366228247348,False
22,本文方法,4.327387519998335,1.2819575338319202,True
22,优先级IK,19.328279583558377,2.1699648360300396,True
23,本文方法,3.896207602037773,1.0116135778854194,True
23,优先级IK,10.681981448961073,5.1073318242291545,True
24,本文方法,7.420078535918724,0.8339462143127028,True
24,优先级IK,12.646553061104026,3.301678180984024,True
25,本文方法,4.92377779020337,1.0121862252040306,True
25,优先级IK,10.350085727124988,3.1331468575874566,True
26,本文方法,4.718859103341188,0.6077585749050287,True
26,优先级IK,10.45775147966325,6.9694345028142894,True
27,本文方法,4.179915652361258,1.165027645006673,True
27,优先级IK,10.701607932911076,3.419374958484541,True
28,本文方法,6.36002645844937,0.5617459442334941,True
28,优先级IK,10.227542813404751,7.854486806694064,True
29,本文方法,3.745251570168355,1.0724273787288547,True
29,优先级IK,15.359751173284188,10.3365918229727,True
30,本文方法,7.494660536669343,0.7012464680939331,True
30,优先级IK,14.496614345491455,3.7334851697954154,True
31,本文方法,3.0729100054029748,1.5110878703753272,True
31,优先级IK,7.73658940596145,3.787756663466493,True
32,本文方法,5.177966241998586,0.9489397842771782,True
32,优先级IK,9.878965570924288,2.7154922576315195,True
33,本文方法,5.679477171753561,1.0445260376732126,True
33,优先级IK,18.80086212424495,1.866509885139244,True
34,本文方法,8.144244124689765,0.7010859044089233,True
34,优先级IK,10.779634036980207,2.6604846604612176,True
35,本文方法,4.298971797780861,1.4769164503598506,True
35,优先级IK,10.4143921718679,2.74441518725929,True
36,本文方法,6.456991524283268,1.0048135727763277,True
36,优先级IK,13.08938046832097,9.512464325287105,True
37,本文方法,4.6868410879392775,1.1826018377212248,True
37,优先级IK,6.90780210062589,3.3728729577609577,True
38,本文方法,7.619985558579147,0.902967862181218,True
38,优先级IK,12.515599012655047,1.067048756853951,True
39,本文方法,5.740516898219058,1.0364318852673855,True
39,优先级IK,20.085437212639185,2.6389437163193326,False
40,本文方法,5.031834353134682,0.9022122956618471,True
40,优先级IK,10.960457617123787,4.3150741169903934,True
41,本文方法,5.698163635831057,0.5633491884324799,True
41,优先级IK,9.3414007463283,7.117732528265693,True
42,本文方法,7.202558352937507,0.6191362361963257,True
42,优先级IK,3.648672875970697,8.641691298492601,True
43,本文方法,7.411266411882264,0.908075065593617,True
43,优先级IK,8.78250616396368,3.5396378088551588,True
44,本文方法,1.650723216166052,1.5269449406024298,True
44,优先级IK,13.789067553530453,10.985323282083097,True
45,本文方法,3.7974154761576866,1.633592620358268,True
45,优先级IK,5.905106799289036,2.8131905385818623,True
46,本文方法,4.596004883312363,1.2099492177551354,True
46,优先级IK,15.806776373322094,4.706374298533634,True
47,本文方法,2.4155888719810688,1.5289582710959944,True
47,优先级IK,14.168315249513315,12.14427958233003,True
48,本文方法,8.095653929344628,0.8396075205394948,True
48,优先级IK,13.951144244102455,1.941683023027844,True
49,本文方法,4.461490654475163,0.8292767559070069,True
49,优先级IK,9.256532736095677,8.62487534841554,True
0,本文方法,5.105627759455675,1.222559699822709,True
0,优先级IK,4.904648243229032,5.588939913343736,True
1,本文方法,8.180152192517951,0.9304523147334857,True
1,优先级IK,18.583990395284292,1.209737834510345,True
2,本文方法,4.480373547431365,1.3649093198730589,True
2,优先级IK,17.611203753027517,3.2808128468184865,True
3,本文方法,4.205674185817694,0.9015817709965931,True
3,优先级IK,7.812747505845327,6.4037262221476245,True
4,本文方法,7.667726962679089,0.9206804015538351,True
4,优先级IK,14.11780109622264,2.743395188898975,True
5,本文方法,3.6688249446410066,1.7790353307970346,True
5,优先级IK,19.686507686765086,5.802650701747959,True
6,本文方法,2.71924117931246,1.0912388847231633,True
6,优先级IK,4.592757204285824,9.861731910582508,True
7,本文方法,6.182332911154324,0.8097377440967438,True
7,优先级IK,13.044320938044883,5.157905382055421,True
8,本文方法,2.955380751104319,1.6373296861737692,True
8,优先级IK,17.985016032786547,4.896781555663053,True
9,本文方法,4.336727334840499,1.3506282584607097,True
9,优先级IK,7.466358945161874,2.7022367992088316,True
10,本文方法,4.343618501290727,1.447001194407629,True
10,优先级IK,10.238629563462142,2.928561974628931,True
11,本文方法,3.313449457979459,0.6568637237141921,True
11,优先级IK,9.841363699876199,8.697316316502858,True
12,本文方法,7.815893105419233,0.6951184980051834,True
12,优先级IK,9.902009778372783,6.667655788159845,True
13,本文方法,12.884979679129573,4.899300382221295,True
13,优先级IK,22.5929778389739,6.014033469983654,False
14,本文方法,3.9450258083637704,1.2599887090027149,True
14,优先级IK,6.720467603886045,10.579949705125197,True
15,本文方法,7.698885473108301,0.8165722951492784,True
15,优先级IK,12.882044142678996,4.7989221628062015,True
16,本文方法,5.4641015011380745,0.9082962656128886,True
16,优先级IK,10.007217420197641,2.7620031891384462,True
17,本文方法,4.506324677609092,1.128730324792699,True
17,优先级IK,13.220820334456153,2.8933077064324246,True
18,本文方法,4.039032932400454,1.3412654849782133,True
18,优先级IK,14.945309217486212,2.1662187749703,True
19,本文方法,4.706957405012281,0.9566094716262319,True
19,优先级IK,3.3623978914924053,6.910352394112427,True
20,本文方法,4.308581360960365,0.8940213428993353,True
20,优先级IK,14.817773549041448,6.0187429599889635,True
21,本文方法,3.18231926435325,1.226716712348563,True
21,优先级IK,14.86372791029964,9.902795991372718,True
22,本文方法,5.522926994717793,0.5984024359064737,True
22,优先级IK,12.79646953982161,7.967270764635824,True
23,本文方法,3.8344002572669815,0.794121253180969,True
23,优先级IK,5.759607650252241,7.7671057167652515,True
24,本文方法,4.474731874195881,0.7693037278055329,True
24,优先级IK,9.214333762420704,8.218698727375095,True
25,本文方法,3.9998624572641526,1.7340787653320398,True
25,优先级IK,6.00361612970551,4.298669510542429,True
26,本文方法,5.094581380324666,1.0005941934649794,True
26,优先级IK,17.856195539806443,3.2519126422652516,True
27,本文方法,16.94805304955428,5.106813896506124,True
27,优先级IK,22.7601834532674,12.693610388293463,False
28,本文方法,5.428593843244612,1.5130770771302777,True
28,优先级IK,4.170001773487747,12.04170724070479,True
29,本文方法,6.23107742159432,0.6190585106885083,True
29,优先级IK,3.9367822038364624,7.788383298506594,True
30,本文方法,5.150018245681965,0.7110633212866059,True
30,优先级IK,17.185951824378687,6.353235105031679,True
31,本文方法,6.245208394082755,0.950065866088734,True
31,优先级IK,19.02457315670558,1.1362705359564902,True
32,本文方法,6.805702223179992,0.8553607067903394,True
32,优先级IK,11.15702780030298,1.6814670722375067,True
33,本文方法,3.5279884020517214,0.9941262677551388,True
33,优先级IK,5.508042925171112,9.00452588663354,True
34,本文方法,3.42618728282811,1.3663515332082603,True
34,优先级IK,5.827330913312302,11.481197430575282,True
35,本文方法,3.5821292130953806,1.1886039330725344,True
35,优先级IK,8.140667496498665,10.808852183453363,True
36,本文方法,10.202264303261668,1.3331485490082096,True
36,优先级IK,14.087187947527967,4.621882609263221,True
37,本文方法,3.819974099060601,1.5434530197236471,True
37,优先级IK,18.585742533011032,4.6674040523536675,True
38,本文方法,4.240006186606398,1.2554913960991632,True
38,优先级IK,10.294936308102566,2.1128650356525935,True
39,本文方法,6.4158962983702414,0.6313078223913865,True
39,优先级IK,16.42084653809166,5.510805462090342,True
40,本文方法,2.789175793256435,1.0256054378384645,True
40,优先级IK,7.060796683613676,9.164170810856866,True
41,本文方法,3.27254278234335,1.76754470622164,True
41,优先级IK,11.737167705713842,5.475643581526587,True
42,本文方法,7.547680417231167,0.9522945348714239,True
42,优先级IK,10.171582443976009,1.3216556752404798,True
43,本文方法,7.133383282016107,0.7030121634780062,True
43,优先级IK,10.496615782032492,4.8281594103896985,True
44,本文方法,2.5175628045338216,0.9945746151922459,True
44,优先级IK,6.169528321429996,9.33449229372266,True
45,本文方法,6.915773794286332,0.7084042460618019,True
45,优先级IK,14.269922941993308,4.173063495489578,True
46,本文方法,7.170217014817182,1.103990989502232,True
46,优先级IK,10.92048006712017,2.2647601871435787,True
47,本文方法,3.942487965561291,1.3043179370872524,True
47,优先级IK,10.438905453825393,2.6758475936502477,True
48,本文方法,3.6572692549731265,0.8417577784738175,True
48,优先级IK,9.614151890283372,8.468192090419226,True
49,本文方法,4.378248838491409,0.5656051794055876,True
49,优先级IK,4.466224647762781,7.74233313367354,True
